filename,notes,authors,licenses,urls
arms/armour/plate/male/emote.png,"original by wulax, recolors by bigbeargames; adapted to v3 bases and further recolors by bluecarrot16, climb/emote/jump by JaidynReiman","Michael Whitlock (bigbeargames),Matthew Krohn (makrohn),Johannes Sjölund (wulax),bluecarrot16,JaidynReiman","OGA-BY 3.0,CC-BY-SA 3.0,GPL 3.0","https://opengameart.org/content/lpc-medieval-fantasy-character-sprites,http://opengameart.org/content/lpc-clothing-updates"
arms/armour/plate/male/hurt.png,"original by wulax, recolors by bigbeargames; adapted to v3 bases and further recolors by bluecarrot16, climb/emote/jump by JaidynReiman","Michael Whitlock (bigbeargames),Matthew Krohn (makrohn),Johannes Sjölund (wulax),bluecarrot16,JaidynReiman","OGA-BY 3.0,CC-BY-SA 3.0,GPL 3.0","https://opengameart.org/content/lpc-medieval-fantasy-character-sprites,http://opengameart.org/content/lpc-clothing-updates"
arms/armour/plate/male/idle.png,"original by wulax, recolors by bigbeargames; adapted to v3 bases and further recolors by bluecarrot16, climb/emote/jump by JaidynReiman","Michael Whitlock (bigbeargames),Matthew Krohn (makrohn),Johannes Sjölund (wulax),bluecarrot16,JaidynReiman","OGA-BY 3.0,CC-BY-SA 3.0,GPL 3.0","https://opengameart.org/content/lpc-medieval-fantasy-character-sprites,http://opengameart.org/content/lpc-clothing-updates"
arms/armour/plate/male/sit.png,"original by wulax, recolors by bigbeargames; adapted to v3 bases and further recolors by bluecarrot16, climb/emote/jump by JaidynReiman","Michael Whitlock (bigbeargames),Matthew Krohn (makrohn),Johannes Sjölund (wulax),bluecarrot16,JaidynReiman","OGA-BY 3.0,CC-BY-SA 3.0,GPL 3.0","https://opengameart.org/content/lpc-medieval-fantasy-character-sprites,http://opengameart.org/content/lpc-clothing-updates"
arms/armour/plate/male/spellcast.png,"original by wulax, recolors by bigbeargames; adapted to v3 bases and further recolors by bluecarrot16, climb/emote/jump by JaidynReiman","Michael Whitlock (bigbeargames),Matthew Krohn (makrohn),Johannes Sjölund (wulax),bluecarrot16,JaidynReiman","OGA-BY 3.0,CC-BY-SA 3.0,GPL 3.0","https://opengameart.org/content/lpc-medieval-fantasy-character-sprites,http://opengameart.org/content/lpc-clothing-updates"
arms/armour/plate/male/thrust.png,"original by wulax, recolors by bigbeargames; adapted to v3 bases and further recolors by bluecarrot16, climb/emote/jump by JaidynReiman","Michael Whitlock (bigbeargames),Matthew Krohn (makrohn),Johannes Sjölund (wulax),bluecarrot16,JaidynReiman","OGA-BY 3.0,CC-BY-SA 3.0,GPL 3.0","https://opengameart.org/content/lpc-medieval-fantasy-character-sprites,http://opengameart.org/content/lpc-clothing-updates"
arms/armour/plate/male/walk.png,"original by wulax, recolors by bigbeargames; adapted to v3 bases and further recolors by bluecarrot16, climb/emote/jump by JaidynReiman","Michael Whitlock (bigbeargames),Matthew Krohn (makrohn),Johannes Sjölund (wulax),bluecarrot16,JaidynReiman","OGA-BY 3.0,CC-BY-SA 3.0,GPL 3.0","https://opengameart.org/content/lpc-medieval-fantasy-character-sprites,http://opengameart.org/content/lpc-clothing-updates"
arms/hands/gloves/male/emote.png,"metal gloves by wulax, recolors by bigbeargames, adapted to v3 bases by bluecarrot16, added to expanded animations by JaidynReiman","Michael Whitlock (bigbeargames),Matthew Krohn (makrohn),Johannes Sjölund (wulax),bluecarrot16,JaidynReiman","OGA-BY 3.0,CC-BY-SA 3.0,GPL 3.0","https://opengameart.org/content/lpc-medieval-fantasy-character-sprites,http://opengameart.org/content/lpc-clothing-updates"
arms/hands/gloves/male/hurt.png,"metal gloves by wulax, recolors by bigbeargames, adapted to v3 bases by bluecarrot16, added to expanded animations by JaidynReiman","Michael Whitlock (bigbeargames),Matthew Krohn (makrohn),Johannes Sjölund (wulax),bluecarrot16,JaidynReiman","OGA-BY 3.0,CC-BY-SA 3.0,GPL 3.0","https://opengameart.org/content/lpc-medieval-fantasy-character-sprites,http://opengameart.org/content/lpc-clothing-updates"
arms/hands/gloves/male/idle.png,"metal gloves by wulax, recolors by bigbeargames, adapted to v3 bases by bluecarrot16, added to expanded animations by JaidynReiman","Michael Whitlock (bigbeargames),Matthew Krohn (makrohn),Johannes Sjölund (wulax),bluecarrot16,JaidynReiman","OGA-BY 3.0,CC-BY-SA 3.0,GPL 3.0","https://opengameart.org/content/lpc-medieval-fantasy-character-sprites,http://opengameart.org/content/lpc-clothing-updates"
arms/hands/gloves/male/run.png,"metal gloves by wulax, recolors by bigbeargames, adapted to v3 bases by bluecarrot16, added to expanded animations by JaidynReiman","Michael Whitlock (bigbeargames),Matthew Krohn (makrohn),Johannes Sjölund (wulax),bluecarrot16,JaidynReiman","OGA-BY 3.0,CC-BY-SA 3.0,GPL 3.0","https://opengameart.org/content/lpc-medieval-fantasy-character-sprites,http://opengameart.org/content/lpc-clothing-updates"
arms/hands/gloves/male/sit.png,"metal gloves by wulax, recolors by bigbeargames, adapted to v3 bases by bluecarrot16, added to expanded animations by JaidynReiman","Michael Whitlock (bigbeargames),Matthew Krohn (makrohn),Johannes Sjölund (wulax),bluecarrot16,JaidynReiman","OGA-BY 3.0,CC-BY-SA 3.0,GPL 3.0","https://opengameart.org/content/lpc-medieval-fantasy-character-sprites,http://opengameart.org/content/lpc-clothing-updates"
arms/hands/gloves/male/spellcast.png,"metal gloves by wulax, recolors by bigbeargames, adapted to v3 bases by bluecarrot16, added to expanded animations by JaidynReiman","Michael Whitlock (bigbeargames),Matthew Krohn (makrohn),Johannes Sjölund (wulax),bluecarrot16,JaidynReiman","OGA-BY 3.0,CC-BY-SA 3.0,GPL 3.0","https://opengameart.org/content/lpc-medieval-fantasy-character-sprites,http://opengameart.org/content/lpc-clothing-updates"
arms/hands/gloves/male/thrust.png,"metal gloves by wulax, recolors by bigbeargames, adapted to v3 bases by bluecarrot16, added to expanded animations by JaidynReiman","Michael Whitlock (bigbeargames),Matthew Krohn (makrohn),Johannes Sjölund (wulax),bluecarrot16,JaidynReiman","OGA-BY 3.0,CC-BY-SA 3.0,GPL 3.0","https://opengameart.org/content/lpc-medieval-fantasy-character-sprites,http://opengameart.org/content/lpc-clothing-updates"
arms/hands/gloves/male/walk.png,"metal gloves by wulax, recolors by bigbeargames, adapted to v3 bases by bluecarrot16, added to expanded animations by JaidynReiman","Michael Whitlock (bigbeargames),Matthew Krohn (makrohn),Johannes Sjölund (wulax),bluecarrot16,JaidynReiman","OGA-BY 3.0,CC-BY-SA 3.0,GPL 3.0","https://opengameart.org/content/lpc-medieval-fantasy-character-sprites,http://opengameart.org/content/lpc-clothing-updates"
arms/hands/gloves/thin/emote.png,"metal gloves by wulax, extended to female base by makrohn, recolors by bigbeargames, adapted to v3 bases by bluecarrot16, added to expanded animations by JaidynReiman","Michael Whitlock (bigbeargames),Matthew Krohn (makrohn),Johannes Sjölund (wulax),bluecarrot16,JaidynReiman","OGA-BY 3.0,CC-BY-SA 3.0,GPL 3.0","https://opengameart.org/content/lpc-medieval-fantasy-character-sprites,http://opengameart.org/content/lpc-clothing-updates"
arms/hands/gloves/thin/hurt.png,"metal gloves by wulax, extended to female base by makrohn, recolors by bigbeargames, adapted to v3 bases by bluecarrot16, added to expanded animations by JaidynReiman","Michael Whitlock (bigbeargames),Matthew Krohn (makrohn),Johannes Sjölund (wulax),bluecarrot16,JaidynReiman","OGA-BY 3.0,CC-BY-SA 3.0,GPL 3.0","https://opengameart.org/content/lpc-medieval-fantasy-character-sprites,http://opengameart.org/content/lpc-clothing-updates"
arms/hands/gloves/thin/idle.png,"metal gloves by wulax, extended to female base by makrohn, recolors by bigbeargames, adapted to v3 bases by bluecarrot16, added to expanded animations by JaidynReiman","Michael Whitlock (bigbeargames),Matthew Krohn (makrohn),Johannes Sjölund (wulax),bluecarrot16,JaidynReiman","OGA-BY 3.0,CC-BY-SA 3.0,GPL 3.0","https://opengameart.org/content/lpc-medieval-fantasy-character-sprites,http://opengameart.org/content/lpc-clothing-updates"
arms/hands/gloves/thin/run.png,"metal gloves by wulax, extended to female base by makrohn, recolors by bigbeargames, adapted to v3 bases by bluecarrot16, added to expanded animations by JaidynReiman","Michael Whitlock (bigbeargames),Matthew Krohn (makrohn),Johannes Sjölund (wulax),bluecarrot16,JaidynReiman","OGA-BY 3.0,CC-BY-SA 3.0,GPL 3.0","https://opengameart.org/content/lpc-medieval-fantasy-character-sprites,http://opengameart.org/content/lpc-clothing-updates"
arms/hands/gloves/thin/sit.png,"metal gloves by wulax, extended to female base by makrohn, recolors by bigbeargames, adapted to v3 bases by bluecarrot16, added to expanded animations by JaidynReiman","Michael Whitlock (bigbeargames),Matthew Krohn (makrohn),Johannes Sjölund (wulax),bluecarrot16,JaidynReiman","OGA-BY 3.0,CC-BY-SA 3.0,GPL 3.0","https://opengameart.org/content/lpc-medieval-fantasy-character-sprites,http://opengameart.org/content/lpc-clothing-updates"
arms/hands/gloves/thin/spellcast.png,"metal gloves by wulax, extended to female base by makrohn, recolors by bigbeargames, adapted to v3 bases by bluecarrot16, added to expanded animations by JaidynReiman","Michael Whitlock (bigbeargames),Matthew Krohn (makrohn),Johannes Sjölund (wulax),bluecarrot16,JaidynReiman","OGA-BY 3.0,CC-BY-SA 3.0,GPL 3.0","https://opengameart.org/content/lpc-medieval-fantasy-character-sprites,http://opengameart.org/content/lpc-clothing-updates"
arms/hands/gloves/thin/thrust.png,"metal gloves by wulax, extended to female base by makrohn, recolors by bigbeargames, adapted to v3 bases by bluecarrot16, added to expanded animations by JaidynReiman","Michael Whitlock (bigbeargames),Matthew Krohn (makrohn),Johannes Sjölund (wulax),bluecarrot16,JaidynReiman","OGA-BY 3.0,CC-BY-SA 3.0,GPL 3.0","https://opengameart.org/content/lpc-medieval-fantasy-character-sprites,http://opengameart.org/content/lpc-clothing-updates"
arms/hands/gloves/thin/walk.png,"metal gloves by wulax, extended to female base by makrohn, recolors by bigbeargames, adapted to v3 bases by bluecarrot16, added to expanded animations by JaidynReiman","Michael Whitlock (bigbeargames),Matthew Krohn (makrohn),Johannes Sjölund (wulax),bluecarrot16,JaidynReiman","OGA-BY 3.0,CC-BY-SA 3.0,GPL 3.0","https://opengameart.org/content/lpc-medieval-fantasy-character-sprites,http://opengameart.org/content/lpc-clothing-updates"
backpack/backpack/female/hurt/gray.png,trivial adjustments by bluecarrot16 to be compatible with v3 bases,"Benjamin K. Smith (BenCreating),macmanmatty","CC-BY-SA 3.0,GPL 3.0",https://opengameart.org/content/lpc-backpacks
backpack/backpack/female/spellcast/gray.png,trivial adjustments by bluecarrot16 to be compatible with v3 bases,"Benjamin K. Smith (BenCreating),macmanmatty","CC-BY-SA 3.0,GPL 3.0",https://opengameart.org/content/lpc-backpacks
backpack/backpack/female/thrust/gray.png,trivial adjustments by bluecarrot16 to be compatible with v3 bases,"Benjamin K. Smith (BenCreating),macmanmatty","CC-BY-SA 3.0,GPL 3.0",https://opengameart.org/content/lpc-backpacks
backpack/backpack/female/walk/gray.png,trivial adjustments by bluecarrot16 to be compatible with v3 bases,"Benjamin K. Smith (BenCreating),macmanmatty","CC-BY-SA 3.0,GPL 3.0",https://opengameart.org/content/lpc-backpacks
backpack/backpack/male/hurt/gray.png,trivial adjustments by bluecarrot16 to be compatible with v3 bases,"Benjamin K. Smith (BenCreating),macmanmatty","CC-BY-SA 3.0,GPL 3.0",https://opengameart.org/content/lpc-backpacks
backpack/backpack/male/spellcast/gray.png,trivial adjustments by bluecarrot16 to be compatible with v3 bases,"Benjamin K. Smith (BenCreating),macmanmatty","CC-BY-SA 3.0,GPL 3.0",https://opengameart.org/content/lpc-backpacks
backpack/backpack/male/thrust/gray.png,trivial adjustments by bluecarrot16 to be compatible with v3 bases,"Benjamin K. Smith (BenCreating),macmanmatty","CC-BY-SA 3.0,GPL 3.0",https://opengameart.org/content/lpc-backpacks
backpack/backpack/male/walk/gray.png,trivial adjustments by bluecarrot16 to be compatible with v3 bases,"Benjamin K. Smith (BenCreating),macmanmatty","CC-BY-SA 3.0,GPL 3.0",https://opengameart.org/content/lpc-backpacks
backpack/jetpack/female/hurt/steel.png,trivial adjustments by bluecarrot16 to be compatible with v3 bases,"Benjamin K. Smith (BenCreating),macmanmatty","CC-BY-SA 3.0,GPL 3.0",https://opengameart.org/content/lpc-backpacks
backpack/jetpack/female/spellcast/steel.png,trivial adjustments by bluecarrot16 to be compatible with v3 bases,"Benjamin K. Smith (BenCreating),macmanmatty","CC-BY-SA 3.0,GPL 3.0",https://opengameart.org/content/lpc-backpacks
backpack/jetpack/female/thrust/steel.png,trivial adjustments by bluecarrot16 to be compatible with v3 bases,"Benjamin K. Smith (BenCreating),macmanmatty","CC-BY-SA 3.0,GPL 3.0",https://opengameart.org/content/lpc-backpacks
backpack/jetpack/female/walk/steel.png,trivial adjustments by bluecarrot16 to be compatible with v3 bases,"Benjamin K. Smith (BenCreating),macmanmatty","CC-BY-SA 3.0,GPL 3.0",https://opengameart.org/content/lpc-backpacks
backpack/jetpack/male/hurt/steel.png,trivial adjustments by bluecarrot16 to be compatible with v3 bases,"Benjamin K. Smith (BenCreating),macmanmatty","CC-BY-SA 3.0,GPL 3.0",https://opengameart.org/content/lpc-backpacks
backpack/jetpack/male/spellcast/steel.png,trivial adjustments by bluecarrot16 to be compatible with v3 bases,"Benjamin K. Smith (BenCreating),macmanmatty","CC-BY-SA 3.0,GPL 3.0",https://opengameart.org/content/lpc-backpacks
backpack/jetpack/male/thrust/steel.png,trivial adjustments by bluecarrot16 to be compatible with v3 bases,"Benjamin K. Smith (BenCreating),macmanmatty","CC-BY-SA 3.0,GPL 3.0",https://opengameart.org/content/lpc-backpacks
backpack/jetpack/male/walk/steel.png,trivial adjustments by bluecarrot16 to be compatible with v3 bases,"Benjamin K. Smith (BenCreating),macmanmatty","CC-BY-SA 3.0,GPL 3.0",https://opengameart.org/content/lpc-backpacks
backpack/squarepack/female/hurt/gray.png,trivial adjustments by bluecarrot16 to be compatible with v3 bases,"Benjamin K. Smith (BenCreating),macmanmatty","CC-BY-SA 3.0,GPL 3.0",https://opengameart.org/content/lpc-backpacks
backpack/squarepack/female/spellcast/gray.png,trivial adjustments by bluecarrot16 to be compatible with v3 bases,"Benjamin K. Smith (BenCreating),macmanmatty","CC-BY-SA 3.0,GPL 3.0",https://opengameart.org/content/lpc-backpacks
backpack/squarepack/female/thrust/gray.png,trivial adjustments by bluecarrot16 to be compatible with v3 bases,"Benjamin K. Smith (BenCreating),macmanmatty","CC-BY-SA 3.0,GPL 3.0",https://opengameart.org/content/lpc-backpacks
backpack/squarepack/female/walk/gray.png,trivial adjustments by bluecarrot16 to be compatible with v3 bases,"Benjamin K. Smith (BenCreating),macmanmatty","CC-BY-SA 3.0,GPL 3.0",https://opengameart.org/content/lpc-backpacks
backpack/squarepack/male/hurt/gray.png,trivial adjustments by bluecarrot16 to be compatible with v3 bases,"Benjamin K. Smith (BenCreating),macmanmatty","CC-BY-SA 3.0,GPL 3.0",https://opengameart.org/content/lpc-backpacks
backpack/squarepack/male/spellcast/gray.png,trivial adjustments by bluecarrot16 to be compatible with v3 bases,"Benjamin K. Smith (BenCreating),macmanmatty","CC-BY-SA 3.0,GPL 3.0",https://opengameart.org/content/lpc-backpacks
backpack/squarepack/male/thrust/gray.png,trivial adjustments by bluecarrot16 to be compatible with v3 bases,"Benjamin K. Smith (BenCreating),macmanmatty","CC-BY-SA 3.0,GPL 3.0",https://opengameart.org/content/lpc-backpacks
backpack/squarepack/male/walk/gray.png,trivial adjustments by bluecarrot16 to be compatible with v3 bases,"Benjamin K. Smith (BenCreating),macmanmatty","CC-BY-SA 3.0,GPL 3.0",https://opengameart.org/content/lpc-backpacks
backpack/straps/female/hurt/gray.png,trivial adjustments by bluecarrot16 to be compatible with v3 bases,"Benjamin K. Smith (BenCreating),macmanmatty","CC-BY-SA 3.0,GPL 3.0",https://opengameart.org/content/lpc-backpacks
backpack/straps/female/spellcast/gray.png,trivial adjustments by bluecarrot16 to be compatible with v3 bases,"Benjamin K. Smith (BenCreating),macmanmatty","CC-BY-SA 3.0,GPL 3.0",https://opengameart.org/content/lpc-backpacks
backpack/straps/female/thrust/gray.png,trivial adjustments by bluecarrot16 to be compatible with v3 bases,"Benjamin K. Smith (BenCreating),macmanmatty","CC-BY-SA 3.0,GPL 3.0",https://opengameart.org/content/lpc-backpacks
backpack/straps/female/walk/gray.png,trivial adjustments by bluecarrot16 to be compatible with v3 bases,"Benjamin K. Smith (BenCreating),macmanmatty","CC-BY-SA 3.0,GPL 3.0",https://opengameart.org/content/lpc-backpacks
backpack/straps/male/hurt/gray.png,trivial adjustments by bluecarrot16 to be compatible with v3 bases,"Benjamin K. Smith (BenCreating),macmanmatty","CC-BY-SA 3.0,GPL 3.0",https://opengameart.org/content/lpc-backpacks
backpack/straps/male/spellcast/gray.png,trivial adjustments by bluecarrot16 to be compatible with v3 bases,"Benjamin K. Smith (BenCreating),macmanmatty","CC-BY-SA 3.0,GPL 3.0",https://opengameart.org/content/lpc-backpacks
backpack/straps/male/thrust/gray.png,trivial adjustments by bluecarrot16 to be compatible with v3 bases,"Benjamin K. Smith (BenCreating),macmanmatty","CC-BY-SA 3.0,GPL 3.0",https://opengameart.org/content/lpc-backpacks
backpack/straps/male/walk/gray.png,trivial adjustments by bluecarrot16 to be compatible with v3 bases,"Benjamin K. Smith (BenCreating),macmanmatty","CC-BY-SA 3.0,GPL 3.0",https://opengameart.org/content/lpc-backpacks
beards/beard/5oclock_shadow/emote.png,"Original by Pennomi, repositioning by JaidynReiman.","JaidynReiman,Thane Brimhall (pennomi),laetissima","CC-BY-SA 3.0,GPL 3.0",https://opengameart.org/content/lpc-base-character-expressions
beards/beard/5oclock_shadow/hurt.png,"Original by Pennomi, repositioning by JaidynReiman.","JaidynReiman,Thane Brimhall (pennomi),laetissima","CC-BY-SA 3.0,GPL 3.0",https://opengameart.org/content/lpc-base-character-expressions
beards/beard/5oclock_shadow/idle.png,"Original by Pennomi, repositioning by JaidynReiman.","JaidynReiman,Thane Brimhall (pennomi),laetissima","CC-BY-SA 3.0,GPL 3.0",https://opengameart.org/content/lpc-base-character-expressions
beards/beard/5oclock_shadow/run.png,"Original by Pennomi, repositioning by JaidynReiman.","JaidynReiman,Thane Brimhall (pennomi),laetissima","CC-BY-SA 3.0,GPL 3.0",https://opengameart.org/content/lpc-base-character-expressions
beards/beard/5oclock_shadow/sit.png,"Original by Pennomi, repositioning by JaidynReiman.","JaidynReiman,Thane Brimhall (pennomi),laetissima","CC-BY-SA 3.0,GPL 3.0",https://opengameart.org/content/lpc-base-character-expressions
beards/beard/5oclock_shadow/spellcast.png,"Original by Pennomi, repositioning by JaidynReiman.","JaidynReiman,Thane Brimhall (pennomi),laetissima","CC-BY-SA 3.0,GPL 3.0",https://opengameart.org/content/lpc-base-character-expressions
beards/beard/5oclock_shadow/thrust.png,"Original by Pennomi, repositioning by JaidynReiman.","JaidynReiman,Thane Brimhall (pennomi),laetissima","CC-BY-SA 3.0,GPL 3.0",https://opengameart.org/content/lpc-base-character-expressions
beards/beard/5oclock_shadow/walk.png,"Original by Pennomi, repositioning by JaidynReiman.","JaidynReiman,Thane Brimhall (pennomi),laetissima","CC-BY-SA 3.0,GPL 3.0",https://opengameart.org/content/lpc-base-character-expressions
beards/beard/trimmed/emote.png,,ElizaWy,OGA-BY 3.0,"https://github.com/ElizaWy/LPC/tree/main/Characters/Hair,https://opengameart.org/content/lpc-expanded-sit-run-jump-more"
beards/beard/trimmed/hurt.png,,ElizaWy,OGA-BY 3.0,"https://github.com/ElizaWy/LPC/tree/main/Characters/Hair,https://opengameart.org/content/lpc-expanded-sit-run-jump-more"
beards/beard/trimmed/idle.png,,ElizaWy,OGA-BY 3.0,"https://github.com/ElizaWy/LPC/tree/main/Characters/Hair,https://opengameart.org/content/lpc-expanded-sit-run-jump-more"
beards/beard/trimmed/run.png,,ElizaWy,OGA-BY 3.0,"https://github.com/ElizaWy/LPC/tree/main/Characters/Hair,https://opengameart.org/content/lpc-expanded-sit-run-jump-more"
beards/beard/trimmed/sit.png,,ElizaWy,OGA-BY 3.0,"https://github.com/ElizaWy/LPC/tree/main/Characters/Hair,https://opengameart.org/content/lpc-expanded-sit-run-jump-more"
beards/beard/trimmed/spellcast.png,,ElizaWy,OGA-BY 3.0,"https://github.com/ElizaWy/LPC/tree/main/Characters/Hair,https://opengameart.org/content/lpc-expanded-sit-run-jump-more"
beards/beard/trimmed/thrust.png,,ElizaWy,OGA-BY 3.0,"https://github.com/ElizaWy/LPC/tree/main/Characters/Hair,https://opengameart.org/content/lpc-expanded-sit-run-jump-more"
beards/beard/trimmed/walk.png,,ElizaWy,OGA-BY 3.0,"https://github.com/ElizaWy/LPC/tree/main/Characters/Hair,https://opengameart.org/content/lpc-expanded-sit-run-jump-more"
body/bodies/female/emote.png,see details at https://opengameart.org/content/lpc-character-bases,"Benjamin K. Smith (BenCreating),bluecarrot16,TheraHedwig,Evert,MuffinElZangano,Durrani,Pierre Vigier (pvigier),ElizaWy,Matthew Krohn (makrohn),Johannes Sjölund (wulax),Stephen Challener (Redshrike)","OGA-BY 3.0,CC-BY-SA 3.0,GPL 3.0","https://opengameart.org/content/liberated-pixel-cup-lpc-base-assets-sprites-map-tiles,https://opengameart.org/content/lpc-medieval-fantasy-character-sprites,https://opengameart.org/content/lpc-ladies,https://opengameart.org/content/lpc-7-womens-shirts,https://opengameart.org/content/lpc-jump-expanded,https://opengameart.org/content/lpc-be-seated,https://opengameart.org/content/lpc-revised-character-basics,https://gitlab.com/vagabondgame/lpc-characters,https://opengameart.org/content/lpc-male-jumping-animation-by-durrani,https://opengameart.org/content/lpc-runcycle-and-diagonal-walkcycle"
body/bodies/female/hurt.png,see details at https://opengameart.org/content/lpc-character-bases,"Benjamin K. Smith (BenCreating),bluecarrot16,TheraHedwig,Evert,MuffinElZangano,Durrani,Pierre Vigier (pvigier),ElizaWy,Matthew Krohn (makrohn),Johannes Sjölund (wulax),Stephen Challener (Redshrike)","OGA-BY 3.0,CC-BY-SA 3.0,GPL 3.0","https://opengameart.org/content/liberated-pixel-cup-lpc-base-assets-sprites-map-tiles,https://opengameart.org/content/lpc-medieval-fantasy-character-sprites,https://opengameart.org/content/lpc-ladies,https://opengameart.org/content/lpc-7-womens-shirts,https://opengameart.org/content/lpc-jump-expanded,https://opengameart.org/content/lpc-be-seated,https://opengameart.org/content/lpc-revised-character-basics,https://gitlab.com/vagabondgame/lpc-characters,https://opengameart.org/content/lpc-male-jumping-animation-by-durrani,https://opengameart.org/content/lpc-runcycle-and-diagonal-walkcycle"
body/bodies/female/idle.png,see details at https://opengameart.org/content/lpc-character-bases,"Benjamin K. Smith (BenCreating),bluecarrot16,TheraHedwig,Evert,MuffinElZangano,Durrani,Pierre Vigier (pvigier),ElizaWy,Matthew Krohn (makrohn),Johannes Sjölund (wulax),Stephen Challener (Redshrike)","OGA-BY 3.0,CC-BY-SA 3.0,GPL 3.0","https://opengameart.org/content/liberated-pixel-cup-lpc-base-assets-sprites-map-tiles,https://opengameart.org/content/lpc-medieval-fantasy-character-sprites,https://opengameart.org/content/lpc-ladies,https://opengameart.org/content/lpc-7-womens-shirts,https://opengameart.org/content/lpc-jump-expanded,https://opengameart.org/content/lpc-be-seated,https://opengameart.org/content/lpc-revised-character-basics,https://gitlab.com/vagabondgame/lpc-characters,https://opengameart.org/content/lpc-male-jumping-animation-by-durrani,https://opengameart.org/content/lpc-runcycle-and-diagonal-walkcycle"
body/bodies/female/run.png,see details at https://opengameart.org/content/lpc-character-bases,"Benjamin K. Smith (BenCreating),bluecarrot16,TheraHedwig,Evert,MuffinElZangano,Durrani,Pierre Vigier (pvigier),ElizaWy,Matthew Krohn (makrohn),Johannes Sjölund (wulax),Stephen Challener (Redshrike)","OGA-BY 3.0,CC-BY-SA 3.0,GPL 3.0","https://opengameart.org/content/liberated-pixel-cup-lpc-base-assets-sprites-map-tiles,https://opengameart.org/content/lpc-medieval-fantasy-character-sprites,https://opengameart.org/content/lpc-ladies,https://opengameart.org/content/lpc-7-womens-shirts,https://opengameart.org/content/lpc-jump-expanded,https://opengameart.org/content/lpc-be-seated,https://opengameart.org/content/lpc-revised-character-basics,https://gitlab.com/vagabondgame/lpc-characters,https://opengameart.org/content/lpc-male-jumping-animation-by-durrani,https://opengameart.org/content/lpc-runcycle-and-diagonal-walkcycle"
body/bodies/female/sit.png,see details at https://opengameart.org/content/lpc-character-bases,"Benjamin K. Smith (BenCreating),bluecarrot16,TheraHedwig,Evert,MuffinElZangano,Durrani,Pierre Vigier (pvigier),ElizaWy,Matthew Krohn (makrohn),Johannes Sjölund (wulax),Stephen Challener (Redshrike)","OGA-BY 3.0,CC-BY-SA 3.0,GPL 3.0","https://opengameart.org/content/liberated-pixel-cup-lpc-base-assets-sprites-map-tiles,https://opengameart.org/content/lpc-medieval-fantasy-character-sprites,https://opengameart.org/content/lpc-ladies,https://opengameart.org/content/lpc-7-womens-shirts,https://opengameart.org/content/lpc-jump-expanded,https://opengameart.org/content/lpc-be-seated,https://opengameart.org/content/lpc-revised-character-basics,https://gitlab.com/vagabondgame/lpc-characters,https://opengameart.org/content/lpc-male-jumping-animation-by-durrani,https://opengameart.org/content/lpc-runcycle-and-diagonal-walkcycle"
body/bodies/female/spellcast.png,see details at https://opengameart.org/content/lpc-character-bases,"Benjamin K. Smith (BenCreating),bluecarrot16,TheraHedwig,Evert,MuffinElZangano,Durrani,Pierre Vigier (pvigier),ElizaWy,Matthew Krohn (makrohn),Johannes Sjölund (wulax),Stephen Challener (Redshrike)","OGA-BY 3.0,CC-BY-SA 3.0,GPL 3.0","https://opengameart.org/content/liberated-pixel-cup-lpc-base-assets-sprites-map-tiles,https://opengameart.org/content/lpc-medieval-fantasy-character-sprites,https://opengameart.org/content/lpc-ladies,https://opengameart.org/content/lpc-7-womens-shirts,https://opengameart.org/content/lpc-jump-expanded,https://opengameart.org/content/lpc-be-seated,https://opengameart.org/content/lpc-revised-character-basics,https://gitlab.com/vagabondgame/lpc-characters,https://opengameart.org/content/lpc-male-jumping-animation-by-durrani,https://opengameart.org/content/lpc-runcycle-and-diagonal-walkcycle"
body/bodies/female/thrust.png,see details at https://opengameart.org/content/lpc-character-bases,"Benjamin K. Smith (BenCreating),bluecarrot16,TheraHedwig,Evert,MuffinElZangano,Durrani,Pierre Vigier (pvigier),ElizaWy,Matthew Krohn (makrohn),Johannes Sjölund (wulax),Stephen Challener (Redshrike)","OGA-BY 3.0,CC-BY-SA 3.0,GPL 3.0","https://opengameart.org/content/liberated-pixel-cup-lpc-base-assets-sprites-map-tiles,https://opengameart.org/content/lpc-medieval-fantasy-character-sprites,https://opengameart.org/content/lpc-ladies,https://opengameart.org/content/lpc-7-womens-shirts,https://opengameart.org/content/lpc-jump-expanded,https://opengameart.org/content/lpc-be-seated,https://opengameart.org/content/lpc-revised-character-basics,https://gitlab.com/vagabondgame/lpc-characters,https://opengameart.org/content/lpc-male-jumping-animation-by-durrani,https://opengameart.org/content/lpc-runcycle-and-diagonal-walkcycle"
body/bodies/female/walk.png,see details at https://opengameart.org/content/lpc-character-bases,"Benjamin K. Smith (BenCreating),bluecarrot16,TheraHedwig,Evert,MuffinElZangano,Durrani,Pierre Vigier (pvigier),ElizaWy,Matthew Krohn (makrohn),Johannes Sjölund (wulax),Stephen Challener (Redshrike)","OGA-BY 3.0,CC-BY-SA 3.0,GPL 3.0","https://opengameart.org/content/liberated-pixel-cup-lpc-base-assets-sprites-map-tiles,https://opengameart.org/content/lpc-medieval-fantasy-character-sprites,https://opengameart.org/content/lpc-ladies,https://opengameart.org/content/lpc-7-womens-shirts,https://opengameart.org/content/lpc-jump-expanded,https://opengameart.org/content/lpc-be-seated,https://opengameart.org/content/lpc-revised-character-basics,https://gitlab.com/vagabondgame/lpc-characters,https://opengameart.org/content/lpc-male-jumping-animation-by-durrani,https://opengameart.org/content/lpc-runcycle-and-diagonal-walkcycle"
body/bodies/male/emote.png,see details at https://opengameart.org/content/lpc-character-bases; 'Thick' Male Revised Run/Climb by JaidynReiman (based on ElizaWy's LPC Revised),"bluecarrot16,JaidynReiman,Benjamin K. Smith (BenCreating),Evert,Eliza Wyatt (ElizaWy),TheraHedwig,MuffinElZangano,Durrani,Johannes Sjölund (wulax),Stephen Challener (Redshrike)","OGA-BY 3.0,CC-BY-SA 3.0,GPL 3.0","https://opengameart.org/content/liberated-pixel-cup-lpc-base-assets-sprites-map-tiles,https://opengameart.org/content/lpc-medieval-fantasy-character-sprites,https://opengameart.org/content/lpc-male-jumping-animation-by-durrani,https://opengameart.org/content/lpc-runcycle-and-diagonal-walkcycle,https://opengameart.org/content/lpc-revised-character-basics,https://opengameart.org/content/lpc-be-seated,https://opengameart.org/content/lpc-runcycle-for-male-muscular-and-pregnant-character-bases-with-modular-heads,https://opengameart.org/content/lpc-jump-expanded,https://opengameart.org/content/lpc-character-bases"
body/bodies/male/hurt.png,see details at https://opengameart.org/content/lpc-character-bases; 'Thick' Male Revised Run/Climb by JaidynReiman (based on ElizaWy's LPC Revised),"bluecarrot16,JaidynReiman,Benjamin K. Smith (BenCreating),Evert,Eliza Wyatt (ElizaWy),TheraHedwig,MuffinElZangano,Durrani,Johannes Sjölund (wulax),Stephen Challener (Redshrike)","OGA-BY 3.0,CC-BY-SA 3.0,GPL 3.0","https://opengameart.org/content/liberated-pixel-cup-lpc-base-assets-sprites-map-tiles,https://opengameart.org/content/lpc-medieval-fantasy-character-sprites,https://opengameart.org/content/lpc-male-jumping-animation-by-durrani,https://opengameart.org/content/lpc-runcycle-and-diagonal-walkcycle,https://opengameart.org/content/lpc-revised-character-basics,https://opengameart.org/content/lpc-be-seated,https://opengameart.org/content/lpc-runcycle-for-male-muscular-and-pregnant-character-bases-with-modular-heads,https://opengameart.org/content/lpc-jump-expanded,https://opengameart.org/content/lpc-character-bases"
body/bodies/male/idle.png,see details at https://opengameart.org/content/lpc-character-bases; 'Thick' Male Revised Run/Climb by JaidynReiman (based on ElizaWy's LPC Revised),"bluecarrot16,JaidynReiman,Benjamin K. Smith (BenCreating),Evert,Eliza Wyatt (ElizaWy),TheraHedwig,MuffinElZangano,Durrani,Johannes Sjölund (wulax),Stephen Challener (Redshrike)","OGA-BY 3.0,CC-BY-SA 3.0,GPL 3.0","https://opengameart.org/content/liberated-pixel-cup-lpc-base-assets-sprites-map-tiles,https://opengameart.org/content/lpc-medieval-fantasy-character-sprites,https://opengameart.org/content/lpc-male-jumping-animation-by-durrani,https://opengameart.org/content/lpc-runcycle-and-diagonal-walkcycle,https://opengameart.org/content/lpc-revised-character-basics,https://opengameart.org/content/lpc-be-seated,https://opengameart.org/content/lpc-runcycle-for-male-muscular-and-pregnant-character-bases-with-modular-heads,https://opengameart.org/content/lpc-jump-expanded,https://opengameart.org/content/lpc-character-bases"
body/bodies/male/run.png,see details at https://opengameart.org/content/lpc-character-bases; 'Thick' Male Revised Run/Climb by JaidynReiman (based on ElizaWy's LPC Revised),"bluecarrot16,JaidynReiman,Benjamin K. Smith (BenCreating),Evert,Eliza Wyatt (ElizaWy),TheraHedwig,MuffinElZangano,Durrani,Johannes Sjölund (wulax),Stephen Challener (Redshrike)","OGA-BY 3.0,CC-BY-SA 3.0,GPL 3.0","https://opengameart.org/content/liberated-pixel-cup-lpc-base-assets-sprites-map-tiles,https://opengameart.org/content/lpc-medieval-fantasy-character-sprites,https://opengameart.org/content/lpc-male-jumping-animation-by-durrani,https://opengameart.org/content/lpc-runcycle-and-diagonal-walkcycle,https://opengameart.org/content/lpc-revised-character-basics,https://opengameart.org/content/lpc-be-seated,https://opengameart.org/content/lpc-runcycle-for-male-muscular-and-pregnant-character-bases-with-modular-heads,https://opengameart.org/content/lpc-jump-expanded,https://opengameart.org/content/lpc-character-bases"
body/bodies/male/sit.png,see details at https://opengameart.org/content/lpc-character-bases; 'Thick' Male Revised Run/Climb by JaidynReiman (based on ElizaWy's LPC Revised),"bluecarrot16,JaidynReiman,Benjamin K. Smith (BenCreating),Evert,Eliza Wyatt (ElizaWy),TheraHedwig,MuffinElZangano,Durrani,Johannes Sjölund (wulax),Stephen Challener (Redshrike)","OGA-BY 3.0,CC-BY-SA 3.0,GPL 3.0","https://opengameart.org/content/liberated-pixel-cup-lpc-base-assets-sprites-map-tiles,https://opengameart.org/content/lpc-medieval-fantasy-character-sprites,https://opengameart.org/content/lpc-male-jumping-animation-by-durrani,https://opengameart.org/content/lpc-runcycle-and-diagonal-walkcycle,https://opengameart.org/content/lpc-revised-character-basics,https://opengameart.org/content/lpc-be-seated,https://opengameart.org/content/lpc-runcycle-for-male-muscular-and-pregnant-character-bases-with-modular-heads,https://opengameart.org/content/lpc-jump-expanded,https://opengameart.org/content/lpc-character-bases"
body/bodies/male/spellcast.png,see details at https://opengameart.org/content/lpc-character-bases; 'Thick' Male Revised Run/Climb by JaidynReiman (based on ElizaWy's LPC Revised),"bluecarrot16,JaidynReiman,Benjamin K. Smith (BenCreating),Evert,Eliza Wyatt (ElizaWy),TheraHedwig,MuffinElZangano,Durrani,Johannes Sjölund (wulax),Stephen Challener (Redshrike)","OGA-BY 3.0,CC-BY-SA 3.0,GPL 3.0","https://opengameart.org/content/liberated-pixel-cup-lpc-base-assets-sprites-map-tiles,https://opengameart.org/content/lpc-medieval-fantasy-character-sprites,https://opengameart.org/content/lpc-male-jumping-animation-by-durrani,https://opengameart.org/content/lpc-runcycle-and-diagonal-walkcycle,https://opengameart.org/content/lpc-revised-character-basics,https://opengameart.org/content/lpc-be-seated,https://opengameart.org/content/lpc-runcycle-for-male-muscular-and-pregnant-character-bases-with-modular-heads,https://opengameart.org/content/lpc-jump-expanded,https://opengameart.org/content/lpc-character-bases"
body/bodies/male/thrust.png,see details at https://opengameart.org/content/lpc-character-bases; 'Thick' Male Revised Run/Climb by JaidynReiman (based on ElizaWy's LPC Revised),"bluecarrot16,JaidynReiman,Benjamin K. Smith (BenCreating),Evert,Eliza Wyatt (ElizaWy),TheraHedwig,MuffinElZangano,Durrani,Johannes Sjölund (wulax),Stephen Challener (Redshrike)","OGA-BY 3.0,CC-BY-SA 3.0,GPL 3.0","https://opengameart.org/content/liberated-pixel-cup-lpc-base-assets-sprites-map-tiles,https://opengameart.org/content/lpc-medieval-fantasy-character-sprites,https://opengameart.org/content/lpc-male-jumping-animation-by-durrani,https://opengameart.org/content/lpc-runcycle-and-diagonal-walkcycle,https://opengameart.org/content/lpc-revised-character-basics,https://opengameart.org/content/lpc-be-seated,https://opengameart.org/content/lpc-runcycle-for-male-muscular-and-pregnant-character-bases-with-modular-heads,https://opengameart.org/content/lpc-jump-expanded,https://opengameart.org/content/lpc-character-bases"
body/bodies/male/walk.png,see details at https://opengameart.org/content/lpc-character-bases; 'Thick' Male Revised Run/Climb by JaidynReiman (based on ElizaWy's LPC Revised),"bluecarrot16,JaidynReiman,Benjamin K. Smith (BenCreating),Evert,Eliza Wyatt (ElizaWy),TheraHedwig,MuffinElZangano,Durrani,Johannes Sjölund (wulax),Stephen Challener (Redshrike)","OGA-BY 3.0,CC-BY-SA 3.0,GPL 3.0","https://opengameart.org/content/liberated-pixel-cup-lpc-base-assets-sprites-map-tiles,https://opengameart.org/content/lpc-medieval-fantasy-character-sprites,https://opengameart.org/content/lpc-male-jumping-animation-by-durrani,https://opengameart.org/content/lpc-runcycle-and-diagonal-walkcycle,https://opengameart.org/content/lpc-revised-character-basics,https://opengameart.org/content/lpc-be-seated,https://opengameart.org/content/lpc-runcycle-for-male-muscular-and-pregnant-character-bases-with-modular-heads,https://opengameart.org/content/lpc-jump-expanded,https://opengameart.org/content/lpc-character-bases"
body/bodies/muscular/hurt.png,see details at https://opengameart.org/content/lpc-character-bases,"bluecarrot16,JaidynReiman,Evert,TheraHedwig,MuffinElZangano,Durrani,Sander Frenken (castelonia),Benjamin K. Smith (BenCreating),Eliza Wyatt (ElizaWy),dalonedrau,Stephen Challener (Redshrike)","CC-BY-SA 3.0,GPL 3.0","https://opengameart.org/content/liberated-pixel-cup-lpc-base-assets-sprites-map-tiles,https://opengameart.org/content/lpc-barbarian-sprite-base,https://opengameart.org/content/lpc-muscular-swing-animation,https://opengameart.org/content/lpc-muscular-hurt-animation,https://opengameart.org/content/lpc-jump-expanded,https://opengameart.org/content/lpc-revised-character-basics,https://opengameart.org/content/lpc-be-seated,https://opengameart.org/content/lpc-jump-expanded,https://opengameart.org/content/lpc-character-bases,https://opengameart.org/content/lpc-male-jumping-animation-by-durrani"
body/bodies/muscular/idle.png,see details at https://opengameart.org/content/lpc-character-bases,"bluecarrot16,JaidynReiman,Evert,TheraHedwig,MuffinElZangano,Durrani,Sander Frenken (castelonia),Benjamin K. Smith (BenCreating),Eliza Wyatt (ElizaWy),dalonedrau,Stephen Challener (Redshrike)","CC-BY-SA 3.0,GPL 3.0","https://opengameart.org/content/liberated-pixel-cup-lpc-base-assets-sprites-map-tiles,https://opengameart.org/content/lpc-barbarian-sprite-base,https://opengameart.org/content/lpc-muscular-swing-animation,https://opengameart.org/content/lpc-muscular-hurt-animation,https://opengameart.org/content/lpc-jump-expanded,https://opengameart.org/content/lpc-revised-character-basics,https://opengameart.org/content/lpc-be-seated,https://opengameart.org/content/lpc-jump-expanded,https://opengameart.org/content/lpc-character-bases,https://opengameart.org/content/lpc-male-jumping-animation-by-durrani"
body/bodies/muscular/run.png,see details at https://opengameart.org/content/lpc-character-bases,"bluecarrot16,JaidynReiman,Evert,TheraHedwig,MuffinElZangano,Durrani,Sander Frenken (castelonia),Benjamin K. Smith (BenCreating),Eliza Wyatt (ElizaWy),dalonedrau,Stephen Challener (Redshrike)","CC-BY-SA 3.0,GPL 3.0","https://opengameart.org/content/liberated-pixel-cup-lpc-base-assets-sprites-map-tiles,https://opengameart.org/content/lpc-barbarian-sprite-base,https://opengameart.org/content/lpc-muscular-swing-animation,https://opengameart.org/content/lpc-muscular-hurt-animation,https://opengameart.org/content/lpc-jump-expanded,https://opengameart.org/content/lpc-revised-character-basics,https://opengameart.org/content/lpc-be-seated,https://opengameart.org/content/lpc-jump-expanded,https://opengameart.org/content/lpc-character-bases,https://opengameart.org/content/lpc-male-jumping-animation-by-durrani"
body/bodies/muscular/sit.png,see details at https://opengameart.org/content/lpc-character-bases,"bluecarrot16,JaidynReiman,Evert,TheraHedwig,MuffinElZangano,Durrani,Sander Frenken (castelonia),Benjamin K. Smith (BenCreating),Eliza Wyatt (ElizaWy),dalonedrau,Stephen Challener (Redshrike)","CC-BY-SA 3.0,GPL 3.0","https://opengameart.org/content/liberated-pixel-cup-lpc-base-assets-sprites-map-tiles,https://opengameart.org/content/lpc-barbarian-sprite-base,https://opengameart.org/content/lpc-muscular-swing-animation,https://opengameart.org/content/lpc-muscular-hurt-animation,https://opengameart.org/content/lpc-jump-expanded,https://opengameart.org/content/lpc-revised-character-basics,https://opengameart.org/content/lpc-be-seated,https://opengameart.org/content/lpc-jump-expanded,https://opengameart.org/content/lpc-character-bases,https://opengameart.org/content/lpc-male-jumping-animation-by-durrani"
body/bodies/muscular/spellcast.png,see details at https://opengameart.org/content/lpc-character-bases,"bluecarrot16,JaidynReiman,Evert,TheraHedwig,MuffinElZangano,Durrani,Sander Frenken (castelonia),Benjamin K. Smith (BenCreating),Eliza Wyatt (ElizaWy),dalonedrau,Stephen Challener (Redshrike)","CC-BY-SA 3.0,GPL 3.0","https://opengameart.org/content/liberated-pixel-cup-lpc-base-assets-sprites-map-tiles,https://opengameart.org/content/lpc-barbarian-sprite-base,https://opengameart.org/content/lpc-muscular-swing-animation,https://opengameart.org/content/lpc-muscular-hurt-animation,https://opengameart.org/content/lpc-jump-expanded,https://opengameart.org/content/lpc-revised-character-basics,https://opengameart.org/content/lpc-be-seated,https://opengameart.org/content/lpc-jump-expanded,https://opengameart.org/content/lpc-character-bases,https://opengameart.org/content/lpc-male-jumping-animation-by-durrani"
body/bodies/muscular/thrust.png,see details at https://opengameart.org/content/lpc-character-bases,"bluecarrot16,JaidynReiman,Evert,TheraHedwig,MuffinElZangano,Durrani,Sander Frenken (castelonia),Benjamin K. Smith (BenCreating),Eliza Wyatt (ElizaWy),dalonedrau,Stephen Challener (Redshrike)","CC-BY-SA 3.0,GPL 3.0","https://opengameart.org/content/liberated-pixel-cup-lpc-base-assets-sprites-map-tiles,https://opengameart.org/content/lpc-barbarian-sprite-base,https://opengameart.org/content/lpc-muscular-swing-animation,https://opengameart.org/content/lpc-muscular-hurt-animation,https://opengameart.org/content/lpc-jump-expanded,https://opengameart.org/content/lpc-revised-character-basics,https://opengameart.org/content/lpc-be-seated,https://opengameart.org/content/lpc-jump-expanded,https://opengameart.org/content/lpc-character-bases,https://opengameart.org/content/lpc-male-jumping-animation-by-durrani"
body/bodies/muscular/walk.png,see details at https://opengameart.org/content/lpc-character-bases,"bluecarrot16,JaidynReiman,Evert,TheraHedwig,MuffinElZangano,Durrani,Sander Frenken (castelonia),Benjamin K. Smith (BenCreating),Eliza Wyatt (ElizaWy),dalonedrau,Stephen Challener (Redshrike)","CC-BY-SA 3.0,GPL 3.0","https://opengameart.org/content/liberated-pixel-cup-lpc-base-assets-sprites-map-tiles,https://opengameart.org/content/lpc-barbarian-sprite-base,https://opengameart.org/content/lpc-muscular-swing-animation,https://opengameart.org/content/lpc-muscular-hurt-animation,https://opengameart.org/content/lpc-jump-expanded,https://opengameart.org/content/lpc-revised-character-basics,https://opengameart.org/content/lpc-be-seated,https://opengameart.org/content/lpc-jump-expanded,https://opengameart.org/content/lpc-character-bases,https://opengameart.org/content/lpc-male-jumping-animation-by-durrani"
facial/glasses/round/adult/emote.png,,"bluecarrot16,Thane Brimhall (pennomi),laetissima","CC-BY-SA 3.0,GPL 3.0","https://opengameart.org/content/clothing-facial-features-and-ui-elements,https://opengameart.org/content/lpc-gentleman"
facial/glasses/round/adult/hurt.png,,"bluecarrot16,Thane Brimhall (pennomi),laetissima","CC-BY-SA 3.0,GPL 3.0","https://opengameart.org/content/clothing-facial-features-and-ui-elements,https://opengameart.org/content/lpc-gentleman"
facial/glasses/round/adult/idle.png,,"bluecarrot16,Thane Brimhall (pennomi),laetissima","CC-BY-SA 3.0,GPL 3.0","https://opengameart.org/content/clothing-facial-features-and-ui-elements,https://opengameart.org/content/lpc-gentleman"
facial/glasses/round/adult/run.png,,"bluecarrot16,Thane Brimhall (pennomi),laetissima","CC-BY-SA 3.0,GPL 3.0","https://opengameart.org/content/clothing-facial-features-and-ui-elements,https://opengameart.org/content/lpc-gentleman"
facial/glasses/round/adult/sit.png,,"bluecarrot16,Thane Brimhall (pennomi),laetissima","CC-BY-SA 3.0,GPL 3.0","https://opengameart.org/content/clothing-facial-features-and-ui-elements,https://opengameart.org/content/lpc-gentleman"
facial/glasses/round/adult/spellcast.png,,"bluecarrot16,Thane Brimhall (pennomi),laetissima","CC-BY-SA 3.0,GPL 3.0","https://opengameart.org/content/clothing-facial-features-and-ui-elements,https://opengameart.org/content/lpc-gentleman"
facial/glasses/round/adult/thrust.png,,"bluecarrot16,Thane Brimhall (pennomi),laetissima","CC-BY-SA 3.0,GPL 3.0","https://opengameart.org/content/clothing-facial-features-and-ui-elements,https://opengameart.org/content/lpc-gentleman"
facial/glasses/round/adult/walk.png,,"bluecarrot16,Thane Brimhall (pennomi),laetissima","CC-BY-SA 3.0,GPL 3.0","https://opengameart.org/content/clothing-facial-features-and-ui-elements,https://opengameart.org/content/lpc-gentleman"
facial/glasses/shades/adult/emote.png,"Original by Pennomi, repositioning and recolors by JaidynReiman.","JaidynReiman,Thane Brimhall (pennomi),laetissima","CC-BY-SA 3.0,GPL 3.0",https://opengameart.org/content/lpc-base-character-expressions
facial/glasses/shades/adult/hurt.png,"Original by Pennomi, repositioning and recolors by JaidynReiman.","JaidynReiman,Thane Brimhall (pennomi),laetissima","CC-BY-SA 3.0,GPL 3.0",https://opengameart.org/content/lpc-base-character-expressions
facial/glasses/shades/adult/idle.png,"Original by Pennomi, repositioning and recolors by JaidynReiman.","JaidynReiman,Thane Brimhall (pennomi),laetissima","CC-BY-SA 3.0,GPL 3.0",https://opengameart.org/content/lpc-base-character-expressions
facial/glasses/shades/adult/run.png,"Original by Pennomi, repositioning and recolors by JaidynReiman.","JaidynReiman,Thane Brimhall (pennomi),laetissima","CC-BY-SA 3.0,GPL 3.0",https://opengameart.org/content/lpc-base-character-expressions
facial/glasses/shades/adult/sit.png,"Original by Pennomi, repositioning and recolors by JaidynReiman.","JaidynReiman,Thane Brimhall (pennomi),laetissima","CC-BY-SA 3.0,GPL 3.0",https://opengameart.org/content/lpc-base-character-expressions
facial/glasses/shades/adult/spellcast.png,"Original by Pennomi, repositioning and recolors by JaidynReiman.","JaidynReiman,Thane Brimhall (pennomi),laetissima","CC-BY-SA 3.0,GPL 3.0",https://opengameart.org/content/lpc-base-character-expressions
facial/glasses/shades/adult/thrust.png,"Original by Pennomi, repositioning and recolors by JaidynReiman.","JaidynReiman,Thane Brimhall (pennomi),laetissima","CC-BY-SA 3.0,GPL 3.0",https://opengameart.org/content/lpc-base-character-expressions
facial/glasses/shades/adult/walk.png,"Original by Pennomi, repositioning and recolors by JaidynReiman.","JaidynReiman,Thane Brimhall (pennomi),laetissima","CC-BY-SA 3.0,GPL 3.0",https://opengameart.org/content/lpc-base-character-expressions
facial/masks/plain/adult/emote.png,,Nila122,"OGA-BY 3.0,CC-BY-SA 3.0,GPL 2.0,GPL 3.0","https://opengameart.org/content/lpc-masks,https://opengameart.org/content/lpc-expanded-hats-facial-helmets"
facial/masks/plain/adult/hurt.png,,Nila122,"OGA-BY 3.0,CC-BY-SA 3.0,GPL 2.0,GPL 3.0","https://opengameart.org/content/lpc-masks,https://opengameart.org/content/lpc-expanded-hats-facial-helmets"
facial/masks/plain/adult/idle.png,,Nila122,"OGA-BY 3.0,CC-BY-SA 3.0,GPL 2.0,GPL 3.0","https://opengameart.org/content/lpc-masks,https://opengameart.org/content/lpc-expanded-hats-facial-helmets"
facial/masks/plain/adult/run.png,,Nila122,"OGA-BY 3.0,CC-BY-SA 3.0,GPL 2.0,GPL 3.0","https://opengameart.org/content/lpc-masks,https://opengameart.org/content/lpc-expanded-hats-facial-helmets"
facial/masks/plain/adult/sit.png,,Nila122,"OGA-BY 3.0,CC-BY-SA 3.0,GPL 2.0,GPL 3.0","https://opengameart.org/content/lpc-masks,https://opengameart.org/content/lpc-expanded-hats-facial-helmets"
facial/masks/plain/adult/spellcast.png,,Nila122,"OGA-BY 3.0,CC-BY-SA 3.0,GPL 2.0,GPL 3.0","https://opengameart.org/content/lpc-masks,https://opengameart.org/content/lpc-expanded-hats-facial-helmets"
facial/masks/plain/adult/thrust.png,,Nila122,"OGA-BY 3.0,CC-BY-SA 3.0,GPL 2.0,GPL 3.0","https://opengameart.org/content/lpc-masks,https://opengameart.org/content/lpc-expanded-hats-facial-helmets"
facial/masks/plain/adult/walk.png,,Nila122,"OGA-BY 3.0,CC-BY-SA 3.0,GPL 2.0,GPL 3.0","https://opengameart.org/content/lpc-masks,https://opengameart.org/content/lpc-expanded-hats-facial-helmets"
feet/boots/revised/male/emote.png,"original overalls and boots by ElizaWy, base animations adapted from v3 overalls by bluecarrot16, boots by JaidynReiman","JaidynReiman,ElizaWy,Bluecarrot16,Stephen Challener (Redshrike),Johannes Sjölund (wulax)","OGA-BY 3.0,GPL 3.0","https://github.com/ElizaWy/LPC/tree/main/Characters/Clothing,https://opengameart.org/content/lpc-expanded-socks-shoes"
feet/boots/revised/male/hurt.png,"original overalls and boots by ElizaWy, base animations adapted from v3 overalls by bluecarrot16, boots by JaidynReiman","JaidynReiman,ElizaWy,Bluecarrot16,Stephen Challener (Redshrike),Johannes Sjölund (wulax)","OGA-BY 3.0,GPL 3.0","https://github.com/ElizaWy/LPC/tree/main/Characters/Clothing,https://opengameart.org/content/lpc-expanded-socks-shoes"
feet/boots/revised/male/idle.png,"original overalls and boots by ElizaWy, base animations adapted from v3 overalls by bluecarrot16, boots by JaidynReiman","JaidynReiman,ElizaWy,Bluecarrot16,Stephen Challener (Redshrike),Johannes Sjölund (wulax)","OGA-BY 3.0,GPL 3.0","https://github.com/ElizaWy/LPC/tree/main/Characters/Clothing,https://opengameart.org/content/lpc-expanded-socks-shoes"
feet/boots/revised/male/run.png,"original overalls and boots by ElizaWy, base animations adapted from v3 overalls by bluecarrot16, boots by JaidynReiman","JaidynReiman,ElizaWy,Bluecarrot16,Stephen Challener (Redshrike),Johannes Sjölund (wulax)","OGA-BY 3.0,GPL 3.0","https://github.com/ElizaWy/LPC/tree/main/Characters/Clothing,https://opengameart.org/content/lpc-expanded-socks-shoes"
feet/boots/revised/male/sit.png,"original overalls and boots by ElizaWy, base animations adapted from v3 overalls by bluecarrot16, boots by JaidynReiman","JaidynReiman,ElizaWy,Bluecarrot16,Stephen Challener (Redshrike),Johannes Sjölund (wulax)","OGA-BY 3.0,GPL 3.0","https://github.com/ElizaWy/LPC/tree/main/Characters/Clothing,https://opengameart.org/content/lpc-expanded-socks-shoes"
feet/boots/revised/male/spellcast.png,"original overalls and boots by ElizaWy, base animations adapted from v3 overalls by bluecarrot16, boots by JaidynReiman","JaidynReiman,ElizaWy,Bluecarrot16,Stephen Challener (Redshrike),Johannes Sjölund (wulax)","OGA-BY 3.0,GPL 3.0","https://github.com/ElizaWy/LPC/tree/main/Characters/Clothing,https://opengameart.org/content/lpc-expanded-socks-shoes"
feet/boots/revised/male/thrust.png,"original overalls and boots by ElizaWy, base animations adapted from v3 overalls by bluecarrot16, boots by JaidynReiman","JaidynReiman,ElizaWy,Bluecarrot16,Stephen Challener (Redshrike),Johannes Sjölund (wulax)","OGA-BY 3.0,GPL 3.0","https://github.com/ElizaWy/LPC/tree/main/Characters/Clothing,https://opengameart.org/content/lpc-expanded-socks-shoes"
feet/boots/revised/male/walk.png,"original overalls and boots by ElizaWy, base animations adapted from v3 overalls by bluecarrot16, boots by JaidynReiman","JaidynReiman,ElizaWy,Bluecarrot16,Stephen Challener (Redshrike),Johannes Sjölund (wulax)","OGA-BY 3.0,GPL 3.0","https://github.com/ElizaWy/LPC/tree/main/Characters/Clothing,https://opengameart.org/content/lpc-expanded-socks-shoes"
feet/boots/revised/thin/emote.png,"original by ElizaWy, remaining frames by JaidynReiman","ElizaWy,JaidynReiman,Stephen Challener (Redshrike),Johannes Sjölund (wulax)",OGA-BY 3.0,"https://github.com/ElizaWy/LPC/tree/main/Characters/Clothing,https://opengameart.org/content/lpc-expanded-sit-run-jump-more,https://opengameart.org/content/lpc-expanded-socks-shoes"
feet/boots/revised/thin/hurt.png,"original by ElizaWy, remaining frames by JaidynReiman","ElizaWy,JaidynReiman,Stephen Challener (Redshrike),Johannes Sjölund (wulax)",OGA-BY 3.0,"https://github.com/ElizaWy/LPC/tree/main/Characters/Clothing,https://opengameart.org/content/lpc-expanded-sit-run-jump-more,https://opengameart.org/content/lpc-expanded-socks-shoes"
feet/boots/revised/thin/idle.png,"original by ElizaWy, remaining frames by JaidynReiman","ElizaWy,JaidynReiman,Stephen Challener (Redshrike),Johannes Sjölund (wulax)",OGA-BY 3.0,"https://github.com/ElizaWy/LPC/tree/main/Characters/Clothing,https://opengameart.org/content/lpc-expanded-sit-run-jump-more,https://opengameart.org/content/lpc-expanded-socks-shoes"
feet/boots/revised/thin/run.png,"original by ElizaWy, remaining frames by JaidynReiman","ElizaWy,JaidynReiman,Stephen Challener (Redshrike),Johannes Sjölund (wulax)",OGA-BY 3.0,"https://github.com/ElizaWy/LPC/tree/main/Characters/Clothing,https://opengameart.org/content/lpc-expanded-sit-run-jump-more,https://opengameart.org/content/lpc-expanded-socks-shoes"
feet/boots/revised/thin/sit.png,"original by ElizaWy, remaining frames by JaidynReiman","ElizaWy,JaidynReiman,Stephen Challener (Redshrike),Johannes Sjölund (wulax)",OGA-BY 3.0,"https://github.com/ElizaWy/LPC/tree/main/Characters/Clothing,https://opengameart.org/content/lpc-expanded-sit-run-jump-more,https://opengameart.org/content/lpc-expanded-socks-shoes"
feet/boots/revised/thin/spellcast.png,"original by ElizaWy, remaining frames by JaidynReiman","ElizaWy,JaidynReiman,Stephen Challener (Redshrike),Johannes Sjölund (wulax)",OGA-BY 3.0,"https://github.com/ElizaWy/LPC/tree/main/Characters/Clothing,https://opengameart.org/content/lpc-expanded-sit-run-jump-more,https://opengameart.org/content/lpc-expanded-socks-shoes"
feet/boots/revised/thin/thrust.png,"original by ElizaWy, remaining frames by JaidynReiman","ElizaWy,JaidynReiman,Stephen Challener (Redshrike),Johannes Sjölund (wulax)",OGA-BY 3.0,"https://github.com/ElizaWy/LPC/tree/main/Characters/Clothing,https://opengameart.org/content/lpc-expanded-sit-run-jump-more,https://opengameart.org/content/lpc-expanded-socks-shoes"
feet/boots/revised/thin/walk.png,"original by ElizaWy, remaining frames by JaidynReiman","ElizaWy,JaidynReiman,Stephen Challener (Redshrike),Johannes Sjölund (wulax)",OGA-BY 3.0,"https://github.com/ElizaWy/LPC/tree/main/Characters/Clothing,https://opengameart.org/content/lpc-expanded-sit-run-jump-more,https://opengameart.org/content/lpc-expanded-socks-shoes"
hair/bangs_bun/adult/emote.png,"Original by bluecarrot16, animated by ElizaWy.","ElizaWy,bluecarrot16",CC0,"https://opengameart.org/content/lpc-hair,https://github.com/ElizaWy/LPC/blob/main/Characters/Hair,https://opengameart.org/content/lpc-expanded-sit-run-jump-more"
hair/bangs_bun/adult/hurt.png,"Original by bluecarrot16, animated by ElizaWy.","ElizaWy,bluecarrot16",CC0,"https://opengameart.org/content/lpc-hair,https://github.com/ElizaWy/LPC/blob/main/Characters/Hair,https://opengameart.org/content/lpc-expanded-sit-run-jump-more"
hair/bangs_bun/adult/idle.png,"Original by bluecarrot16, animated by ElizaWy.","ElizaWy,bluecarrot16",CC0,"https://opengameart.org/content/lpc-hair,https://github.com/ElizaWy/LPC/blob/main/Characters/Hair,https://opengameart.org/content/lpc-expanded-sit-run-jump-more"
hair/bangs_bun/adult/run.png,"Original by bluecarrot16, animated by ElizaWy.","ElizaWy,bluecarrot16",CC0,"https://opengameart.org/content/lpc-hair,https://github.com/ElizaWy/LPC/blob/main/Characters/Hair,https://opengameart.org/content/lpc-expanded-sit-run-jump-more"
hair/bangs_bun/adult/sit.png,"Original by bluecarrot16, animated by ElizaWy.","ElizaWy,bluecarrot16",CC0,"https://opengameart.org/content/lpc-hair,https://github.com/ElizaWy/LPC/blob/main/Characters/Hair,https://opengameart.org/content/lpc-expanded-sit-run-jump-more"
hair/bangs_bun/adult/spellcast.png,"Original by bluecarrot16, animated by ElizaWy.","ElizaWy,bluecarrot16",CC0,"https://opengameart.org/content/lpc-hair,https://github.com/ElizaWy/LPC/blob/main/Characters/Hair,https://opengameart.org/content/lpc-expanded-sit-run-jump-more"
hair/bangs_bun/adult/thrust.png,"Original by bluecarrot16, animated by ElizaWy.","ElizaWy,bluecarrot16",CC0,"https://opengameart.org/content/lpc-hair,https://github.com/ElizaWy/LPC/blob/main/Characters/Hair,https://opengameart.org/content/lpc-expanded-sit-run-jump-more"
hair/bangs_bun/adult/walk.png,"Original by bluecarrot16, animated by ElizaWy.","ElizaWy,bluecarrot16",CC0,"https://opengameart.org/content/lpc-hair,https://github.com/ElizaWy/LPC/blob/main/Characters/Hair,https://opengameart.org/content/lpc-expanded-sit-run-jump-more"
hair/bangsshort/adult/emote.png,,"JaidynReiman,Manuel Riecke (MrBeast)","CC-BY-SA 3.0,GPL 3.0","https://opengameart.org/content/lpc-medieval-fantasy-character-sprites,https://opengameart.org/content/lpc-expanded-hair"
hair/bangsshort/adult/hurt.png,,"JaidynReiman,Manuel Riecke (MrBeast)","CC-BY-SA 3.0,GPL 3.0","https://opengameart.org/content/lpc-medieval-fantasy-character-sprites,https://opengameart.org/content/lpc-expanded-hair"
hair/bangsshort/adult/idle.png,,"JaidynReiman,Manuel Riecke (MrBeast)","CC-BY-SA 3.0,GPL 3.0","https://opengameart.org/content/lpc-medieval-fantasy-character-sprites,https://opengameart.org/content/lpc-expanded-hair"
hair/bangsshort/adult/run.png,,"JaidynReiman,Manuel Riecke (MrBeast)","CC-BY-SA 3.0,GPL 3.0","https://opengameart.org/content/lpc-medieval-fantasy-character-sprites,https://opengameart.org/content/lpc-expanded-hair"
hair/bangsshort/adult/sit.png,,"JaidynReiman,Manuel Riecke (MrBeast)","CC-BY-SA 3.0,GPL 3.0","https://opengameart.org/content/lpc-medieval-fantasy-character-sprites,https://opengameart.org/content/lpc-expanded-hair"
hair/bangsshort/adult/spellcast.png,,"JaidynReiman,Manuel Riecke (MrBeast)","CC-BY-SA 3.0,GPL 3.0","https://opengameart.org/content/lpc-medieval-fantasy-character-sprites,https://opengameart.org/content/lpc-expanded-hair"
hair/bangsshort/adult/thrust.png,,"JaidynReiman,Manuel Riecke (MrBeast)","CC-BY-SA 3.0,GPL 3.0","https://opengameart.org/content/lpc-medieval-fantasy-character-sprites,https://opengameart.org/content/lpc-expanded-hair"
hair/bangsshort/adult/walk.png,,"JaidynReiman,Manuel Riecke (MrBeast)","CC-BY-SA 3.0,GPL 3.0","https://opengameart.org/content/lpc-medieval-fantasy-character-sprites,https://opengameart.org/content/lpc-expanded-hair"
hair/buzzcut/adult/emote.png,,ElizaWy,OGA-BY 3.0,https://opengameart.org/content/lpc-hair
hair/buzzcut/adult/hurt.png,,ElizaWy,OGA-BY 3.0,https://opengameart.org/content/lpc-hair
hair/buzzcut/adult/idle.png,,ElizaWy,OGA-BY 3.0,https://opengameart.org/content/lpc-hair
hair/buzzcut/adult/run.png,,ElizaWy,OGA-BY 3.0,https://opengameart.org/content/lpc-hair
hair/buzzcut/adult/sit.png,,ElizaWy,OGA-BY 3.0,https://opengameart.org/content/lpc-hair
hair/buzzcut/adult/spellcast.png,,ElizaWy,OGA-BY 3.0,https://opengameart.org/content/lpc-hair
hair/buzzcut/adult/thrust.png,,ElizaWy,OGA-BY 3.0,https://opengameart.org/content/lpc-hair
hair/buzzcut/adult/walk.png,,ElizaWy,OGA-BY 3.0,https://opengameart.org/content/lpc-hair
hair/messy2/adult/emote.png,,"JaidynReiman,Manuel Riecke (MrBeast)","CC-BY-SA 3.0,GPL 3.0","https://opengameart.org/content/liberated-pixel-cup-lpc-base-assets-sprites-map-tiles,https://opengameart.org/content/lpc-expanded-hair"
hair/messy2/adult/hurt.png,,"JaidynReiman,Manuel Riecke (MrBeast)","CC-BY-SA 3.0,GPL 3.0","https://opengameart.org/content/liberated-pixel-cup-lpc-base-assets-sprites-map-tiles,https://opengameart.org/content/lpc-expanded-hair"
hair/messy2/adult/idle.png,,"JaidynReiman,Manuel Riecke (MrBeast)","CC-BY-SA 3.0,GPL 3.0","https://opengameart.org/content/liberated-pixel-cup-lpc-base-assets-sprites-map-tiles,https://opengameart.org/content/lpc-expanded-hair"
hair/messy2/adult/run.png,,"JaidynReiman,Manuel Riecke (MrBeast)","CC-BY-SA 3.0,GPL 3.0","https://opengameart.org/content/liberated-pixel-cup-lpc-base-assets-sprites-map-tiles,https://opengameart.org/content/lpc-expanded-hair"
hair/messy2/adult/sit.png,,"JaidynReiman,Manuel Riecke (MrBeast)","CC-BY-SA 3.0,GPL 3.0","https://opengameart.org/content/liberated-pixel-cup-lpc-base-assets-sprites-map-tiles,https://opengameart.org/content/lpc-expanded-hair"
hair/messy2/adult/spellcast.png,,"JaidynReiman,Manuel Riecke (MrBeast)","CC-BY-SA 3.0,GPL 3.0","https://opengameart.org/content/liberated-pixel-cup-lpc-base-assets-sprites-map-tiles,https://opengameart.org/content/lpc-expanded-hair"
hair/messy2/adult/thrust.png,,"JaidynReiman,Manuel Riecke (MrBeast)","CC-BY-SA 3.0,GPL 3.0","https://opengameart.org/content/liberated-pixel-cup-lpc-base-assets-sprites-map-tiles,https://opengameart.org/content/lpc-expanded-hair"
hair/messy2/adult/walk.png,,"JaidynReiman,Manuel Riecke (MrBeast)","CC-BY-SA 3.0,GPL 3.0","https://opengameart.org/content/liberated-pixel-cup-lpc-base-assets-sprites-map-tiles,https://opengameart.org/content/lpc-expanded-hair"
hat/cloth/bandana/adult/emote.png,,"Matthew Krohn (makrohn),JaidynReiman,Marcel van de Steeg (MadMarcel),JaidynReiman","OGA-BY 3.0,CC-BY-SA 3.0","https://opengameart.org/content/lpc-female-orcogregoblintroll-base-walkcycle,https://github.com/makrohn/Universal-LPC-spritesheet/commit/f50007cb47c235d8896cafae7a613f0b6a9a09a8?short_path=02b86d4#diff-02b86d45789a3e3e8e79519c7d17d15c9e6ecc9b4ddecb1bcd8dfbbaef430b75,https://opengameart.org/content/lpc-expanded-hats-facial-helmets"
hat/cloth/bandana/adult/hurt.png,,"Matthew Krohn (makrohn),JaidynReiman,Marcel van de Steeg (MadMarcel),JaidynReiman","OGA-BY 3.0,CC-BY-SA 3.0","https://opengameart.org/content/lpc-female-orcogregoblintroll-base-walkcycle,https://github.com/makrohn/Universal-LPC-spritesheet/commit/f50007cb47c235d8896cafae7a613f0b6a9a09a8?short_path=02b86d4#diff-02b86d45789a3e3e8e79519c7d17d15c9e6ecc9b4ddecb1bcd8dfbbaef430b75,https://opengameart.org/content/lpc-expanded-hats-facial-helmets"
hat/cloth/bandana/adult/idle.png,,"Matthew Krohn (makrohn),JaidynReiman,Marcel van de Steeg (MadMarcel),JaidynReiman","OGA-BY 3.0,CC-BY-SA 3.0","https://opengameart.org/content/lpc-female-orcogregoblintroll-base-walkcycle,https://github.com/makrohn/Universal-LPC-spritesheet/commit/f50007cb47c235d8896cafae7a613f0b6a9a09a8?short_path=02b86d4#diff-02b86d45789a3e3e8e79519c7d17d15c9e6ecc9b4ddecb1bcd8dfbbaef430b75,https://opengameart.org/content/lpc-expanded-hats-facial-helmets"
hat/cloth/bandana/adult/run.png,,"Matthew Krohn (makrohn),JaidynReiman,Marcel van de Steeg (MadMarcel),JaidynReiman","OGA-BY 3.0,CC-BY-SA 3.0","https://opengameart.org/content/lpc-female-orcogregoblintroll-base-walkcycle,https://github.com/makrohn/Universal-LPC-spritesheet/commit/f50007cb47c235d8896cafae7a613f0b6a9a09a8?short_path=02b86d4#diff-02b86d45789a3e3e8e79519c7d17d15c9e6ecc9b4ddecb1bcd8dfbbaef430b75,https://opengameart.org/content/lpc-expanded-hats-facial-helmets"
hat/cloth/bandana/adult/sit.png,,"Matthew Krohn (makrohn),JaidynReiman,Marcel van de Steeg (MadMarcel),JaidynReiman","OGA-BY 3.0,CC-BY-SA 3.0","https://opengameart.org/content/lpc-female-orcogregoblintroll-base-walkcycle,https://github.com/makrohn/Universal-LPC-spritesheet/commit/f50007cb47c235d8896cafae7a613f0b6a9a09a8?short_path=02b86d4#diff-02b86d45789a3e3e8e79519c7d17d15c9e6ecc9b4ddecb1bcd8dfbbaef430b75,https://opengameart.org/content/lpc-expanded-hats-facial-helmets"
hat/cloth/bandana/adult/spellcast.png,,"Matthew Krohn (makrohn),JaidynReiman,Marcel van de Steeg (MadMarcel),JaidynReiman","OGA-BY 3.0,CC-BY-SA 3.0","https://opengameart.org/content/lpc-female-orcogregoblintroll-base-walkcycle,https://github.com/makrohn/Universal-LPC-spritesheet/commit/f50007cb47c235d8896cafae7a613f0b6a9a09a8?short_path=02b86d4#diff-02b86d45789a3e3e8e79519c7d17d15c9e6ecc9b4ddecb1bcd8dfbbaef430b75,https://opengameart.org/content/lpc-expanded-hats-facial-helmets"
hat/cloth/bandana/adult/thrust.png,,"Matthew Krohn (makrohn),JaidynReiman,Marcel van de Steeg (MadMarcel),JaidynReiman","OGA-BY 3.0,CC-BY-SA 3.0","https://opengameart.org/content/lpc-female-orcogregoblintroll-base-walkcycle,https://github.com/makrohn/Universal-LPC-spritesheet/commit/f50007cb47c235d8896cafae7a613f0b6a9a09a8?short_path=02b86d4#diff-02b86d45789a3e3e8e79519c7d17d15c9e6ecc9b4ddecb1bcd8dfbbaef430b75,https://opengameart.org/content/lpc-expanded-hats-facial-helmets"
hat/cloth/bandana/adult/walk.png,,"Matthew Krohn (makrohn),JaidynReiman,Marcel van de Steeg (MadMarcel),JaidynReiman","OGA-BY 3.0,CC-BY-SA 3.0","https://opengameart.org/content/lpc-female-orcogregoblintroll-base-walkcycle,https://github.com/makrohn/Universal-LPC-spritesheet/commit/f50007cb47c235d8896cafae7a613f0b6a9a09a8?short_path=02b86d4#diff-02b86d45789a3e3e8e79519c7d17d15c9e6ecc9b4ddecb1bcd8dfbbaef430b75,https://opengameart.org/content/lpc-expanded-hats-facial-helmets"
hat/cloth/hood/adult/emote.png,"Brown hood by Wulax, original black/white recolors by ??, mapped to idle/run/jump/revised combat by JaidynReiman, along with additional recolors.","Johannes Sjölund (wulax),JaidynReiman","OGA-BY 3.0,CC-BY-SA 3.0,GPL 3.0","https://opengameart.org/content/lpc-medieval-fantasy-character-sprites,https://opengameart.org/content/lpc-expanded-hats-facial-helmets"
hat/cloth/hood/adult/hurt.png,"Brown hood by Wulax, original black/white recolors by ??, mapped to idle/run/jump/revised combat by JaidynReiman, along with additional recolors.","Johannes Sjölund (wulax),JaidynReiman","OGA-BY 3.0,CC-BY-SA 3.0,GPL 3.0","https://opengameart.org/content/lpc-medieval-fantasy-character-sprites,https://opengameart.org/content/lpc-expanded-hats-facial-helmets"
hat/cloth/hood/adult/idle.png,"Brown hood by Wulax, original black/white recolors by ??, mapped to idle/run/jump/revised combat by JaidynReiman, along with additional recolors.","Johannes Sjölund (wulax),JaidynReiman","OGA-BY 3.0,CC-BY-SA 3.0,GPL 3.0","https://opengameart.org/content/lpc-medieval-fantasy-character-sprites,https://opengameart.org/content/lpc-expanded-hats-facial-helmets"
hat/cloth/hood/adult/run.png,"Brown hood by Wulax, original black/white recolors by ??, mapped to idle/run/jump/revised combat by JaidynReiman, along with additional recolors.","Johannes Sjölund (wulax),JaidynReiman","OGA-BY 3.0,CC-BY-SA 3.0,GPL 3.0","https://opengameart.org/content/lpc-medieval-fantasy-character-sprites,https://opengameart.org/content/lpc-expanded-hats-facial-helmets"
hat/cloth/hood/adult/sit.png,"Brown hood by Wulax, original black/white recolors by ??, mapped to idle/run/jump/revised combat by JaidynReiman, along with additional recolors.","Johannes Sjölund (wulax),JaidynReiman","OGA-BY 3.0,CC-BY-SA 3.0,GPL 3.0","https://opengameart.org/content/lpc-medieval-fantasy-character-sprites,https://opengameart.org/content/lpc-expanded-hats-facial-helmets"
hat/cloth/hood/adult/spellcast.png,"Brown hood by Wulax, original black/white recolors by ??, mapped to idle/run/jump/revised combat by JaidynReiman, along with additional recolors.","Johannes Sjölund (wulax),JaidynReiman","OGA-BY 3.0,CC-BY-SA 3.0,GPL 3.0","https://opengameart.org/content/lpc-medieval-fantasy-character-sprites,https://opengameart.org/content/lpc-expanded-hats-facial-helmets"
hat/cloth/hood/adult/thrust.png,"Brown hood by Wulax, original black/white recolors by ??, mapped to idle/run/jump/revised combat by JaidynReiman, along with additional recolors.","Johannes Sjölund (wulax),JaidynReiman","OGA-BY 3.0,CC-BY-SA 3.0,GPL 3.0","https://opengameart.org/content/lpc-medieval-fantasy-character-sprites,https://opengameart.org/content/lpc-expanded-hats-facial-helmets"
hat/cloth/hood/adult/walk.png,"Brown hood by Wulax, original black/white recolors by ??, mapped to idle/run/jump/revised combat by JaidynReiman, along with additional recolors.","Johannes Sjölund (wulax),JaidynReiman","OGA-BY 3.0,CC-BY-SA 3.0,GPL 3.0","https://opengameart.org/content/lpc-medieval-fantasy-character-sprites,https://opengameart.org/content/lpc-expanded-hats-facial-helmets"
hat/helmet/kettle/adult/emote.png,"previously referred to as chain-hat, color reduction by Napsio (Vitruvian Studio)","Johannes Sjölund (wulax),JaidynReiman,Napsio (Vitruvian Studio)","OGA-BY 3.0,CC-BY-SA 3.0,GPL 3.0","https://opengameart.org/content/lpc-medieval-fantasy-character-sprites,https://opengameart.org/content/lpc-expanded-hats-facial-helmets"
hat/helmet/kettle/adult/hurt.png,"previously referred to as chain-hat, color reduction by Napsio (Vitruvian Studio)","Johannes Sjölund (wulax),JaidynReiman,Napsio (Vitruvian Studio)","OGA-BY 3.0,CC-BY-SA 3.0,GPL 3.0","https://opengameart.org/content/lpc-medieval-fantasy-character-sprites,https://opengameart.org/content/lpc-expanded-hats-facial-helmets"
hat/helmet/kettle/adult/idle.png,"previously referred to as chain-hat, color reduction by Napsio (Vitruvian Studio)","Johannes Sjölund (wulax),JaidynReiman,Napsio (Vitruvian Studio)","OGA-BY 3.0,CC-BY-SA 3.0,GPL 3.0","https://opengameart.org/content/lpc-medieval-fantasy-character-sprites,https://opengameart.org/content/lpc-expanded-hats-facial-helmets"
hat/helmet/kettle/adult/run.png,"previously referred to as chain-hat, color reduction by Napsio (Vitruvian Studio)","Johannes Sjölund (wulax),JaidynReiman,Napsio (Vitruvian Studio)","OGA-BY 3.0,CC-BY-SA 3.0,GPL 3.0","https://opengameart.org/content/lpc-medieval-fantasy-character-sprites,https://opengameart.org/content/lpc-expanded-hats-facial-helmets"
hat/helmet/kettle/adult/sit.png,"previously referred to as chain-hat, color reduction by Napsio (Vitruvian Studio)","Johannes Sjölund (wulax),JaidynReiman,Napsio (Vitruvian Studio)","OGA-BY 3.0,CC-BY-SA 3.0,GPL 3.0","https://opengameart.org/content/lpc-medieval-fantasy-character-sprites,https://opengameart.org/content/lpc-expanded-hats-facial-helmets"
hat/helmet/kettle/adult/spellcast.png,"previously referred to as chain-hat, color reduction by Napsio (Vitruvian Studio)","Johannes Sjölund (wulax),JaidynReiman,Napsio (Vitruvian Studio)","OGA-BY 3.0,CC-BY-SA 3.0,GPL 3.0","https://opengameart.org/content/lpc-medieval-fantasy-character-sprites,https://opengameart.org/content/lpc-expanded-hats-facial-helmets"
hat/helmet/kettle/adult/thrust.png,"previously referred to as chain-hat, color reduction by Napsio (Vitruvian Studio)","Johannes Sjölund (wulax),JaidynReiman,Napsio (Vitruvian Studio)","OGA-BY 3.0,CC-BY-SA 3.0,GPL 3.0","https://opengameart.org/content/lpc-medieval-fantasy-character-sprites,https://opengameart.org/content/lpc-expanded-hats-facial-helmets"
hat/helmet/kettle/adult/walk.png,"previously referred to as chain-hat, color reduction by Napsio (Vitruvian Studio)","Johannes Sjölund (wulax),JaidynReiman,Napsio (Vitruvian Studio)","OGA-BY 3.0,CC-BY-SA 3.0,GPL 3.0","https://opengameart.org/content/lpc-medieval-fantasy-character-sprites,https://opengameart.org/content/lpc-expanded-hats-facial-helmets"
hat/helmet/xeon/adult/emote.png,"original version by Stephen Challener (Redshrike), color reduction by JaidynReiman","Stephen Challener (Redshrike),JaidynReiman",OGA-BY 3.0,"https://opengameart.org/content/four-characters-my-lpc-entries,https://opengameart.org/content/lpc-expanded-hats-facial-helmets"
hat/helmet/xeon/adult/hurt.png,"original version by Stephen Challener (Redshrike), color reduction by JaidynReiman","Stephen Challener (Redshrike),JaidynReiman",OGA-BY 3.0,"https://opengameart.org/content/four-characters-my-lpc-entries,https://opengameart.org/content/lpc-expanded-hats-facial-helmets"
hat/helmet/xeon/adult/idle.png,"original version by Stephen Challener (Redshrike), color reduction by JaidynReiman","Stephen Challener (Redshrike),JaidynReiman",OGA-BY 3.0,"https://opengameart.org/content/four-characters-my-lpc-entries,https://opengameart.org/content/lpc-expanded-hats-facial-helmets"
hat/helmet/xeon/adult/run.png,"original version by Stephen Challener (Redshrike), color reduction by JaidynReiman","Stephen Challener (Redshrike),JaidynReiman",OGA-BY 3.0,"https://opengameart.org/content/four-characters-my-lpc-entries,https://opengameart.org/content/lpc-expanded-hats-facial-helmets"
hat/helmet/xeon/adult/sit.png,"original version by Stephen Challener (Redshrike), color reduction by JaidynReiman","Stephen Challener (Redshrike),JaidynReiman",OGA-BY 3.0,"https://opengameart.org/content/four-characters-my-lpc-entries,https://opengameart.org/content/lpc-expanded-hats-facial-helmets"
hat/helmet/xeon/adult/spellcast.png,"original version by Stephen Challener (Redshrike), color reduction by JaidynReiman","Stephen Challener (Redshrike),JaidynReiman",OGA-BY 3.0,"https://opengameart.org/content/four-characters-my-lpc-entries,https://opengameart.org/content/lpc-expanded-hats-facial-helmets"
hat/helmet/xeon/adult/thrust.png,"original version by Stephen Challener (Redshrike), color reduction by JaidynReiman","Stephen Challener (Redshrike),JaidynReiman",OGA-BY 3.0,"https://opengameart.org/content/four-characters-my-lpc-entries,https://opengameart.org/content/lpc-expanded-hats-facial-helmets"
hat/helmet/xeon/adult/walk.png,"original version by Stephen Challener (Redshrike), color reduction by JaidynReiman","Stephen Challener (Redshrike),JaidynReiman",OGA-BY 3.0,"https://opengameart.org/content/four-characters-my-lpc-entries,https://opengameart.org/content/lpc-expanded-hats-facial-helmets"
head/heads/human/female/emote.png,"original head by Redshrike, tweaks by BenCreating, modular version by bluecarrot16","bluecarrot16,Benjamin K. Smith (BenCreating),Stephen Challener (Redshrike)","OGA-BY 3.0,CC-BY-SA 3.0,GPL 3.0","https://opengameart.org/content/,https://opengameart.org/content/lpc-character-bases"
head/heads/human/female/hurt.png,"original head by Redshrike, tweaks by BenCreating, modular version by bluecarrot16","bluecarrot16,Benjamin K. Smith (BenCreating),Stephen Challener (Redshrike)","OGA-BY 3.0,CC-BY-SA 3.0,GPL 3.0","https://opengameart.org/content/,https://opengameart.org/content/lpc-character-bases"
head/heads/human/female/idle.png,"original head by Redshrike, tweaks by BenCreating, modular version by bluecarrot16","bluecarrot16,Benjamin K. Smith (BenCreating),Stephen Challener (Redshrike)","OGA-BY 3.0,CC-BY-SA 3.0,GPL 3.0","https://opengameart.org/content/,https://opengameart.org/content/lpc-character-bases"
head/heads/human/female/run.png,"original head by Redshrike, tweaks by BenCreating, modular version by bluecarrot16","bluecarrot16,Benjamin K. Smith (BenCreating),Stephen Challener (Redshrike)","OGA-BY 3.0,CC-BY-SA 3.0,GPL 3.0","https://opengameart.org/content/,https://opengameart.org/content/lpc-character-bases"
head/heads/human/female/sit.png,"original head by Redshrike, tweaks by BenCreating, modular version by bluecarrot16","bluecarrot16,Benjamin K. Smith (BenCreating),Stephen Challener (Redshrike)","OGA-BY 3.0,CC-BY-SA 3.0,GPL 3.0","https://opengameart.org/content/,https://opengameart.org/content/lpc-character-bases"
head/heads/human/female/spellcast.png,"original head by Redshrike, tweaks by BenCreating, modular version by bluecarrot16","bluecarrot16,Benjamin K. Smith (BenCreating),Stephen Challener (Redshrike)","OGA-BY 3.0,CC-BY-SA 3.0,GPL 3.0","https://opengameart.org/content/,https://opengameart.org/content/lpc-character-bases"
head/heads/human/female/thrust.png,"original head by Redshrike, tweaks by BenCreating, modular version by bluecarrot16","bluecarrot16,Benjamin K. Smith (BenCreating),Stephen Challener (Redshrike)","OGA-BY 3.0,CC-BY-SA 3.0,GPL 3.0","https://opengameart.org/content/,https://opengameart.org/content/lpc-character-bases"
head/heads/human/female/walk.png,"original head by Redshrike, tweaks by BenCreating, modular version by bluecarrot16","bluecarrot16,Benjamin K. Smith (BenCreating),Stephen Challener (Redshrike)","OGA-BY 3.0,CC-BY-SA 3.0,GPL 3.0","https://opengameart.org/content/,https://opengameart.org/content/lpc-character-bases"
head/heads/human/male/emote.png,"original head by Redshrike, tweaks by BenCreating, modular version by bluecarrot16","bluecarrot16,Benjamin K. Smith (BenCreating),Stephen Challener (Redshrike)","OGA-BY 3.0,CC-BY-SA 3.0,GPL 3.0","https://opengameart.org/content/liberated-pixel-cup-lpc-base-assets-sprites-map-tiles,https://opengameart.org/content/lpc-character-bases"
head/heads/human/male/hurt.png,"original head by Redshrike, tweaks by BenCreating, modular version by bluecarrot16","bluecarrot16,Benjamin K. Smith (BenCreating),Stephen Challener (Redshrike)","OGA-BY 3.0,CC-BY-SA 3.0,GPL 3.0","https://opengameart.org/content/liberated-pixel-cup-lpc-base-assets-sprites-map-tiles,https://opengameart.org/content/lpc-character-bases"
head/heads/human/male/idle.png,"original head by Redshrike, tweaks by BenCreating, modular version by bluecarrot16","bluecarrot16,Benjamin K. Smith (BenCreating),Stephen Challener (Redshrike)","OGA-BY 3.0,CC-BY-SA 3.0,GPL 3.0","https://opengameart.org/content/liberated-pixel-cup-lpc-base-assets-sprites-map-tiles,https://opengameart.org/content/lpc-character-bases"
head/heads/human/male/run.png,"original head by Redshrike, tweaks by BenCreating, modular version by bluecarrot16","bluecarrot16,Benjamin K. Smith (BenCreating),Stephen Challener (Redshrike)","OGA-BY 3.0,CC-BY-SA 3.0,GPL 3.0","https://opengameart.org/content/liberated-pixel-cup-lpc-base-assets-sprites-map-tiles,https://opengameart.org/content/lpc-character-bases"
head/heads/human/male/sit.png,"original head by Redshrike, tweaks by BenCreating, modular version by bluecarrot16","bluecarrot16,Benjamin K. Smith (BenCreating),Stephen Challener (Redshrike)","OGA-BY 3.0,CC-BY-SA 3.0,GPL 3.0","https://opengameart.org/content/liberated-pixel-cup-lpc-base-assets-sprites-map-tiles,https://opengameart.org/content/lpc-character-bases"
head/heads/human/male/spellcast.png,"original head by Redshrike, tweaks by BenCreating, modular version by bluecarrot16","bluecarrot16,Benjamin K. Smith (BenCreating),Stephen Challener (Redshrike)","OGA-BY 3.0,CC-BY-SA 3.0,GPL 3.0","https://opengameart.org/content/liberated-pixel-cup-lpc-base-assets-sprites-map-tiles,https://opengameart.org/content/lpc-character-bases"
head/heads/human/male/thrust.png,"original head by Redshrike, tweaks by BenCreating, modular version by bluecarrot16","bluecarrot16,Benjamin K. Smith (BenCreating),Stephen Challener (Redshrike)","OGA-BY 3.0,CC-BY-SA 3.0,GPL 3.0","https://opengameart.org/content/liberated-pixel-cup-lpc-base-assets-sprites-map-tiles,https://opengameart.org/content/lpc-character-bases"
head/heads/human/male/walk.png,"original head by Redshrike, tweaks by BenCreating, modular version by bluecarrot16","bluecarrot16,Benjamin K. Smith (BenCreating),Stephen Challener (Redshrike)","OGA-BY 3.0,CC-BY-SA 3.0,GPL 3.0","https://opengameart.org/content/liberated-pixel-cup-lpc-base-assets-sprites-map-tiles,https://opengameart.org/content/lpc-character-bases"
head/heads/human/male_elderly/emote.png,,"Benjamin K. Smith (BenCreating),Eliza Wyatt (ElizaWy),Stephen Challener (Redshrike)","OGA-BY 3.0,CC-BY 3.0","https://opengameart.org/content/liberated-pixel-cup-lpc-base-assets-sprites-map-tiles,https://opengameart.org/content/lpc-revised-elders,https://opengameart.org/content/lpc-character-bases"
head/heads/human/male_elderly/hurt.png,,"Benjamin K. Smith (BenCreating),Eliza Wyatt (ElizaWy),Stephen Challener (Redshrike)","OGA-BY 3.0,CC-BY 3.0","https://opengameart.org/content/liberated-pixel-cup-lpc-base-assets-sprites-map-tiles,https://opengameart.org/content/lpc-revised-elders,https://opengameart.org/content/lpc-character-bases"
head/heads/human/male_elderly/idle.png,,"Benjamin K. Smith (BenCreating),Eliza Wyatt (ElizaWy),Stephen Challener (Redshrike)","OGA-BY 3.0,CC-BY 3.0","https://opengameart.org/content/liberated-pixel-cup-lpc-base-assets-sprites-map-tiles,https://opengameart.org/content/lpc-revised-elders,https://opengameart.org/content/lpc-character-bases"
head/heads/human/male_elderly/run.png,,"Benjamin K. Smith (BenCreating),Eliza Wyatt (ElizaWy),Stephen Challener (Redshrike)","OGA-BY 3.0,CC-BY 3.0","https://opengameart.org/content/liberated-pixel-cup-lpc-base-assets-sprites-map-tiles,https://opengameart.org/content/lpc-revised-elders,https://opengameart.org/content/lpc-character-bases"
head/heads/human/male_elderly/sit.png,,"Benjamin K. Smith (BenCreating),Eliza Wyatt (ElizaWy),Stephen Challener (Redshrike)","OGA-BY 3.0,CC-BY 3.0","https://opengameart.org/content/liberated-pixel-cup-lpc-base-assets-sprites-map-tiles,https://opengameart.org/content/lpc-revised-elders,https://opengameart.org/content/lpc-character-bases"
head/heads/human/male_elderly/spellcast.png,,"Benjamin K. Smith (BenCreating),Eliza Wyatt (ElizaWy),Stephen Challener (Redshrike)","OGA-BY 3.0,CC-BY 3.0","https://opengameart.org/content/liberated-pixel-cup-lpc-base-assets-sprites-map-tiles,https://opengameart.org/content/lpc-revised-elders,https://opengameart.org/content/lpc-character-bases"
head/heads/human/male_elderly/thrust.png,,"Benjamin K. Smith (BenCreating),Eliza Wyatt (ElizaWy),Stephen Challener (Redshrike)","OGA-BY 3.0,CC-BY 3.0","https://opengameart.org/content/liberated-pixel-cup-lpc-base-assets-sprites-map-tiles,https://opengameart.org/content/lpc-revised-elders,https://opengameart.org/content/lpc-character-bases"
head/heads/human/male_elderly/walk.png,,"Benjamin K. Smith (BenCreating),Eliza Wyatt (ElizaWy),Stephen Challener (Redshrike)","OGA-BY 3.0,CC-BY 3.0","https://opengameart.org/content/liberated-pixel-cup-lpc-base-assets-sprites-map-tiles,https://opengameart.org/content/lpc-revised-elders,https://opengameart.org/content/lpc-character-bases"
legs/pants/male/emote.png,"original male pants by wulax, recolors and edits to v3 base by bluecarrot16, climb/jump/run/sit/emotes/revised combat by JaidynReiman based on ElizaWy's LPC Revised","bluecarrot16,JaidynReiman,ElizaWy,Matthew Krohn (makrohn),Johannes Sjölund (wulax),Stephen Challener (Redshrike)","OGA-BY 3.0,GPL 3.0,CC-BY-SA 3.0","https://opengameart.org/content/liberated-pixel-cup-lpc-base-assets-sprites-map-tiles,https://opengameart.org/content/lpc-medieval-fantasy-character-sprites,https://opengameart.org/content/lpc-expanded-pants"
legs/pants/male/hurt.png,"original male pants by wulax, recolors and edits to v3 base by bluecarrot16, climb/jump/run/sit/emotes/revised combat by JaidynReiman based on ElizaWy's LPC Revised","bluecarrot16,JaidynReiman,ElizaWy,Matthew Krohn (makrohn),Johannes Sjölund (wulax),Stephen Challener (Redshrike)","OGA-BY 3.0,GPL 3.0,CC-BY-SA 3.0","https://opengameart.org/content/liberated-pixel-cup-lpc-base-assets-sprites-map-tiles,https://opengameart.org/content/lpc-medieval-fantasy-character-sprites,https://opengameart.org/content/lpc-expanded-pants"
legs/pants/male/idle.png,"original male pants by wulax, recolors and edits to v3 base by bluecarrot16, climb/jump/run/sit/emotes/revised combat by JaidynReiman based on ElizaWy's LPC Revised","bluecarrot16,JaidynReiman,ElizaWy,Matthew Krohn (makrohn),Johannes Sjölund (wulax),Stephen Challener (Redshrike)","OGA-BY 3.0,GPL 3.0,CC-BY-SA 3.0","https://opengameart.org/content/liberated-pixel-cup-lpc-base-assets-sprites-map-tiles,https://opengameart.org/content/lpc-medieval-fantasy-character-sprites,https://opengameart.org/content/lpc-expanded-pants"
legs/pants/male/run.png,"original male pants by wulax, recolors and edits to v3 base by bluecarrot16, climb/jump/run/sit/emotes/revised combat by JaidynReiman based on ElizaWy's LPC Revised","bluecarrot16,JaidynReiman,ElizaWy,Matthew Krohn (makrohn),Johannes Sjölund (wulax),Stephen Challener (Redshrike)","OGA-BY 3.0,GPL 3.0,CC-BY-SA 3.0","https://opengameart.org/content/liberated-pixel-cup-lpc-base-assets-sprites-map-tiles,https://opengameart.org/content/lpc-medieval-fantasy-character-sprites,https://opengameart.org/content/lpc-expanded-pants"
legs/pants/male/sit.png,"original male pants by wulax, recolors and edits to v3 base by bluecarrot16, climb/jump/run/sit/emotes/revised combat by JaidynReiman based on ElizaWy's LPC Revised","bluecarrot16,JaidynReiman,ElizaWy,Matthew Krohn (makrohn),Johannes Sjölund (wulax),Stephen Challener (Redshrike)","OGA-BY 3.0,GPL 3.0,CC-BY-SA 3.0","https://opengameart.org/content/liberated-pixel-cup-lpc-base-assets-sprites-map-tiles,https://opengameart.org/content/lpc-medieval-fantasy-character-sprites,https://opengameart.org/content/lpc-expanded-pants"
legs/pants/male/spellcast.png,"original male pants by wulax, recolors and edits to v3 base by bluecarrot16, climb/jump/run/sit/emotes/revised combat by JaidynReiman based on ElizaWy's LPC Revised","bluecarrot16,JaidynReiman,ElizaWy,Matthew Krohn (makrohn),Johannes Sjölund (wulax),Stephen Challener (Redshrike)","OGA-BY 3.0,GPL 3.0,CC-BY-SA 3.0","https://opengameart.org/content/liberated-pixel-cup-lpc-base-assets-sprites-map-tiles,https://opengameart.org/content/lpc-medieval-fantasy-character-sprites,https://opengameart.org/content/lpc-expanded-pants"
legs/pants/male/thrust.png,"original male pants by wulax, recolors and edits to v3 base by bluecarrot16, climb/jump/run/sit/emotes/revised combat by JaidynReiman based on ElizaWy's LPC Revised","bluecarrot16,JaidynReiman,ElizaWy,Matthew Krohn (makrohn),Johannes Sjölund (wulax),Stephen Challener (Redshrike)","OGA-BY 3.0,GPL 3.0,CC-BY-SA 3.0","https://opengameart.org/content/liberated-pixel-cup-lpc-base-assets-sprites-map-tiles,https://opengameart.org/content/lpc-medieval-fantasy-character-sprites,https://opengameart.org/content/lpc-expanded-pants"
legs/pants/male/walk.png,"original male pants by wulax, recolors and edits to v3 base by bluecarrot16, climb/jump/run/sit/emotes/revised combat by JaidynReiman based on ElizaWy's LPC Revised","bluecarrot16,JaidynReiman,ElizaWy,Matthew Krohn (makrohn),Johannes Sjölund (wulax),Stephen Challener (Redshrike)","OGA-BY 3.0,GPL 3.0,CC-BY-SA 3.0","https://opengameart.org/content/liberated-pixel-cup-lpc-base-assets-sprites-map-tiles,https://opengameart.org/content/lpc-medieval-fantasy-character-sprites,https://opengameart.org/content/lpc-expanded-pants"
legs/pants/muscular/emote.png,"original muscular pants by ElizaWy, muscular by dalonedrau, cast and thrust frames by JaidynReiman","ElizaWy,JaidynReiman,dalonedrau,Johannes Sjölund (wulax),Stephen Challener (Redshrike)","CC-BY-SA 3.0,GPL 3.0","https://opengameart.org/content/lpc-muscular-pants,https://opengameart.org/content/lpc-muscular-swing-animation,https://opengameart.org/content/lpc-muscular-hurt-animation"
legs/pants/muscular/hurt.png,"original muscular pants by ElizaWy, muscular by dalonedrau, cast and thrust frames by JaidynReiman","ElizaWy,JaidynReiman,dalonedrau,Johannes Sjölund (wulax),Stephen Challener (Redshrike)","CC-BY-SA 3.0,GPL 3.0","https://opengameart.org/content/lpc-muscular-pants,https://opengameart.org/content/lpc-muscular-swing-animation,https://opengameart.org/content/lpc-muscular-hurt-animation"
legs/pants/muscular/idle.png,"original muscular pants by ElizaWy, muscular by dalonedrau, cast and thrust frames by JaidynReiman","ElizaWy,JaidynReiman,dalonedrau,Johannes Sjölund (wulax),Stephen Challener (Redshrike)","CC-BY-SA 3.0,GPL 3.0","https://opengameart.org/content/lpc-muscular-pants,https://opengameart.org/content/lpc-muscular-swing-animation,https://opengameart.org/content/lpc-muscular-hurt-animation"
legs/pants/muscular/spellcast.png,"original muscular pants by ElizaWy, muscular by dalonedrau, cast and thrust frames by JaidynReiman","ElizaWy,JaidynReiman,dalonedrau,Johannes Sjölund (wulax),Stephen Challener (Redshrike)","CC-BY-SA 3.0,GPL 3.0","https://opengameart.org/content/lpc-muscular-pants,https://opengameart.org/content/lpc-muscular-swing-animation,https://opengameart.org/content/lpc-muscular-hurt-animation"
legs/pants/muscular/thrust.png,"original muscular pants by ElizaWy, muscular by dalonedrau, cast and thrust frames by JaidynReiman","ElizaWy,JaidynReiman,dalonedrau,Johannes Sjölund (wulax),Stephen Challener (Redshrike)","CC-BY-SA 3.0,GPL 3.0","https://opengameart.org/content/lpc-muscular-pants,https://opengameart.org/content/lpc-muscular-swing-animation,https://opengameart.org/content/lpc-muscular-hurt-animation"
legs/pants/muscular/walk.png,"original muscular pants by ElizaWy, muscular by dalonedrau, cast and thrust frames by JaidynReiman","ElizaWy,JaidynReiman,dalonedrau,Johannes Sjölund (wulax),Stephen Challener (Redshrike)","CC-BY-SA 3.0,GPL 3.0","https://opengameart.org/content/lpc-muscular-pants,https://opengameart.org/content/lpc-muscular-swing-animation,https://opengameart.org/content/lpc-muscular-hurt-animation"
legs/pants/thin/emote.png,"original male pants by wulax, edited for female by Joe White, recolors and edits to v3 base by bluecarrot16, teen legs by ElizaWy derived from base, climb/jump/run/sit/emotes/revised combat by JaidynReiman based on ElizaWy's LPC Revised","bluecarrot16,JaidynReiman,ElizaWy,Joe White,Matthew Krohn (makrohn),Johannes Sjölund (wulax),Stephen Challener (Redshrike)","OGA-BY 3.0,GPL 3.0,CC-BY-SA 3.0","https://opengameart.org/content/liberated-pixel-cup-lpc-base-assets-sprites-map-tiles,https://opengameart.org/content/lpc-medieval-fantasy-character-sprites,http://opengameart.org/content/lpc-clothing-updates,https://opengameart.org/content/lpc-expanded-pants"
legs/pants/thin/hurt.png,"original male pants by wulax, edited for female by Joe White, recolors and edits to v3 base by bluecarrot16, teen legs by ElizaWy derived from base, climb/jump/run/sit/emotes/revised combat by JaidynReiman based on ElizaWy's LPC Revised","bluecarrot16,JaidynReiman,ElizaWy,Joe White,Matthew Krohn (makrohn),Johannes Sjölund (wulax),Stephen Challener (Redshrike)","OGA-BY 3.0,GPL 3.0,CC-BY-SA 3.0","https://opengameart.org/content/liberated-pixel-cup-lpc-base-assets-sprites-map-tiles,https://opengameart.org/content/lpc-medieval-fantasy-character-sprites,http://opengameart.org/content/lpc-clothing-updates,https://opengameart.org/content/lpc-expanded-pants"
legs/pants/thin/idle.png,"original male pants by wulax, edited for female by Joe White, recolors and edits to v3 base by bluecarrot16, teen legs by ElizaWy derived from base, climb/jump/run/sit/emotes/revised combat by JaidynReiman based on ElizaWy's LPC Revised","bluecarrot16,JaidynReiman,ElizaWy,Joe White,Matthew Krohn (makrohn),Johannes Sjölund (wulax),Stephen Challener (Redshrike)","OGA-BY 3.0,GPL 3.0,CC-BY-SA 3.0","https://opengameart.org/content/liberated-pixel-cup-lpc-base-assets-sprites-map-tiles,https://opengameart.org/content/lpc-medieval-fantasy-character-sprites,http://opengameart.org/content/lpc-clothing-updates,https://opengameart.org/content/lpc-expanded-pants"
legs/pants/thin/run.png,"original male pants by wulax, edited for female by Joe White, recolors and edits to v3 base by bluecarrot16, teen legs by ElizaWy derived from base, climb/jump/run/sit/emotes/revised combat by JaidynReiman based on ElizaWy's LPC Revised","bluecarrot16,JaidynReiman,ElizaWy,Joe White,Matthew Krohn (makrohn),Johannes Sjölund (wulax),Stephen Challener (Redshrike)","OGA-BY 3.0,GPL 3.0,CC-BY-SA 3.0","https://opengameart.org/content/liberated-pixel-cup-lpc-base-assets-sprites-map-tiles,https://opengameart.org/content/lpc-medieval-fantasy-character-sprites,http://opengameart.org/content/lpc-clothing-updates,https://opengameart.org/content/lpc-expanded-pants"
legs/pants/thin/sit.png,"original male pants by wulax, edited for female by Joe White, recolors and edits to v3 base by bluecarrot16, teen legs by ElizaWy derived from base, climb/jump/run/sit/emotes/revised combat by JaidynReiman based on ElizaWy's LPC Revised","bluecarrot16,JaidynReiman,ElizaWy,Joe White,Matthew Krohn (makrohn),Johannes Sjölund (wulax),Stephen Challener (Redshrike)","OGA-BY 3.0,GPL 3.0,CC-BY-SA 3.0","https://opengameart.org/content/liberated-pixel-cup-lpc-base-assets-sprites-map-tiles,https://opengameart.org/content/lpc-medieval-fantasy-character-sprites,http://opengameart.org/content/lpc-clothing-updates,https://opengameart.org/content/lpc-expanded-pants"
legs/pants/thin/spellcast.png,"original male pants by wulax, edited for female by Joe White, recolors and edits to v3 base by bluecarrot16, teen legs by ElizaWy derived from base, climb/jump/run/sit/emotes/revised combat by JaidynReiman based on ElizaWy's LPC Revised","bluecarrot16,JaidynReiman,ElizaWy,Joe White,Matthew Krohn (makrohn),Johannes Sjölund (wulax),Stephen Challener (Redshrike)","OGA-BY 3.0,GPL 3.0,CC-BY-SA 3.0","https://opengameart.org/content/liberated-pixel-cup-lpc-base-assets-sprites-map-tiles,https://opengameart.org/content/lpc-medieval-fantasy-character-sprites,http://opengameart.org/content/lpc-clothing-updates,https://opengameart.org/content/lpc-expanded-pants"
legs/pants/thin/thrust.png,"original male pants by wulax, edited for female by Joe White, recolors and edits to v3 base by bluecarrot16, teen legs by ElizaWy derived from base, climb/jump/run/sit/emotes/revised combat by JaidynReiman based on ElizaWy's LPC Revised","bluecarrot16,JaidynReiman,ElizaWy,Joe White,Matthew Krohn (makrohn),Johannes Sjölund (wulax),Stephen Challener (Redshrike)","OGA-BY 3.0,GPL 3.0,CC-BY-SA 3.0","https://opengameart.org/content/liberated-pixel-cup-lpc-base-assets-sprites-map-tiles,https://opengameart.org/content/lpc-medieval-fantasy-character-sprites,http://opengameart.org/content/lpc-clothing-updates,https://opengameart.org/content/lpc-expanded-pants"
legs/pants/thin/walk.png,"original male pants by wulax, edited for female by Joe White, recolors and edits to v3 base by bluecarrot16, teen legs by ElizaWy derived from base, climb/jump/run/sit/emotes/revised combat by JaidynReiman based on ElizaWy's LPC Revised","bluecarrot16,JaidynReiman,ElizaWy,Joe White,Matthew Krohn (makrohn),Johannes Sjölund (wulax),Stephen Challener (Redshrike)","OGA-BY 3.0,GPL 3.0,CC-BY-SA 3.0","https://opengameart.org/content/liberated-pixel-cup-lpc-base-assets-sprites-map-tiles,https://opengameart.org/content/lpc-medieval-fantasy-character-sprites,http://opengameart.org/content/lpc-clothing-updates,https://opengameart.org/content/lpc-expanded-pants"
shoulders/bauldron/male/emote.png,"Original by Nila122, climb/jump/sit/emote/run by JaidynReiman","Nila122,JaidynReiman","GPL 2.0,GPL 3.0,OGA-BY 3.0,CC-BY-SA 3.0",https://opengameart.org/content/more-lpc-clothes-and-hair
shoulders/bauldron/male/hurt.png,"Original by Nila122, climb/jump/sit/emote/run by JaidynReiman","Nila122,JaidynReiman","GPL 2.0,GPL 3.0,OGA-BY 3.0,CC-BY-SA 3.0",https://opengameart.org/content/more-lpc-clothes-and-hair
shoulders/bauldron/male/idle.png,"Original by Nila122, climb/jump/sit/emote/run by JaidynReiman","Nila122,JaidynReiman","GPL 2.0,GPL 3.0,OGA-BY 3.0,CC-BY-SA 3.0",https://opengameart.org/content/more-lpc-clothes-and-hair
shoulders/bauldron/male/run.png,"Original by Nila122, climb/jump/sit/emote/run by JaidynReiman","Nila122,JaidynReiman","GPL 2.0,GPL 3.0,OGA-BY 3.0,CC-BY-SA 3.0",https://opengameart.org/content/more-lpc-clothes-and-hair
shoulders/bauldron/male/sit.png,"Original by Nila122, climb/jump/sit/emote/run by JaidynReiman","Nila122,JaidynReiman","GPL 2.0,GPL 3.0,OGA-BY 3.0,CC-BY-SA 3.0",https://opengameart.org/content/more-lpc-clothes-and-hair
shoulders/bauldron/male/spellcast.png,"Original by Nila122, climb/jump/sit/emote/run by JaidynReiman","Nila122,JaidynReiman","GPL 2.0,GPL 3.0,OGA-BY 3.0,CC-BY-SA 3.0",https://opengameart.org/content/more-lpc-clothes-and-hair
shoulders/bauldron/male/thrust.png,"Original by Nila122, climb/jump/sit/emote/run by JaidynReiman","Nila122,JaidynReiman","GPL 2.0,GPL 3.0,OGA-BY 3.0,CC-BY-SA 3.0",https://opengameart.org/content/more-lpc-clothes-and-hair
shoulders/bauldron/male/walk.png,"Original by Nila122, climb/jump/sit/emote/run by JaidynReiman","Nila122,JaidynReiman","GPL 2.0,GPL 3.0,OGA-BY 3.0,CC-BY-SA 3.0",https://opengameart.org/content/more-lpc-clothes-and-hair
shoulders/pauldrons/male/emote.png,"adapted to female base by makrohn, adapted to v3 bases by bluecarrot16, climb/jump/sit/emote/run/revised combat by JaidynReiman","Matthew Krohn (makrohn),Johannes Sjölund (wulax),bluecarrot16,JaidynReiman","OGA-BY 3.0,CC-BY-SA 3.0,GPL 3.0","https://opengameart.org/content/lpc-medieval-fantasy-character-sprites,http://opengameart.org/content/lpc-clothing-updates"
shoulders/pauldrons/male/hurt.png,"adapted to female base by makrohn, adapted to v3 bases by bluecarrot16, climb/jump/sit/emote/run/revised combat by JaidynReiman","Matthew Krohn (makrohn),Johannes Sjölund (wulax),bluecarrot16,JaidynReiman","OGA-BY 3.0,CC-BY-SA 3.0,GPL 3.0","https://opengameart.org/content/lpc-medieval-fantasy-character-sprites,http://opengameart.org/content/lpc-clothing-updates"
shoulders/pauldrons/male/idle.png,"adapted to female base by makrohn, adapted to v3 bases by bluecarrot16, climb/jump/sit/emote/run/revised combat by JaidynReiman","Matthew Krohn (makrohn),Johannes Sjölund (wulax),bluecarrot16,JaidynReiman","OGA-BY 3.0,CC-BY-SA 3.0,GPL 3.0","https://opengameart.org/content/lpc-medieval-fantasy-character-sprites,http://opengameart.org/content/lpc-clothing-updates"
shoulders/pauldrons/male/run.png,"adapted to female base by makrohn, adapted to v3 bases by bluecarrot16, climb/jump/sit/emote/run/revised combat by JaidynReiman","Matthew Krohn (makrohn),Johannes Sjölund (wulax),bluecarrot16,JaidynReiman","OGA-BY 3.0,CC-BY-SA 3.0,GPL 3.0","https://opengameart.org/content/lpc-medieval-fantasy-character-sprites,http://opengameart.org/content/lpc-clothing-updates"
shoulders/pauldrons/male/sit.png,"adapted to female base by makrohn, adapted to v3 bases by bluecarrot16, climb/jump/sit/emote/run/revised combat by JaidynReiman","Matthew Krohn (makrohn),Johannes Sjölund (wulax),bluecarrot16,JaidynReiman","OGA-BY 3.0,CC-BY-SA 3.0,GPL 3.0","https://opengameart.org/content/lpc-medieval-fantasy-character-sprites,http://opengameart.org/content/lpc-clothing-updates"
shoulders/pauldrons/male/spellcast.png,"adapted to female base by makrohn, adapted to v3 bases by bluecarrot16, climb/jump/sit/emote/run/revised combat by JaidynReiman","Matthew Krohn (makrohn),Johannes Sjölund (wulax),bluecarrot16,JaidynReiman","OGA-BY 3.0,CC-BY-SA 3.0,GPL 3.0","https://opengameart.org/content/lpc-medieval-fantasy-character-sprites,http://opengameart.org/content/lpc-clothing-updates"
shoulders/pauldrons/male/thrust.png,"adapted to female base by makrohn, adapted to v3 bases by bluecarrot16, climb/jump/sit/emote/run/revised combat by JaidynReiman","Matthew Krohn (makrohn),Johannes Sjölund (wulax),bluecarrot16,JaidynReiman","OGA-BY 3.0,CC-BY-SA 3.0,GPL 3.0","https://opengameart.org/content/lpc-medieval-fantasy-character-sprites,http://opengameart.org/content/lpc-clothing-updates"
shoulders/pauldrons/male/walk.png,"adapted to female base by makrohn, adapted to v3 bases by bluecarrot16, climb/jump/sit/emote/run/revised combat by JaidynReiman","Matthew Krohn (makrohn),Johannes Sjölund (wulax),bluecarrot16,JaidynReiman","OGA-BY 3.0,CC-BY-SA 3.0,GPL 3.0","https://opengameart.org/content/lpc-medieval-fantasy-character-sprites,http://opengameart.org/content/lpc-clothing-updates"
shoulders/pauldrons/thin/emote.png,"adapted to female base by makrohn, adapted to v3 bases by bluecarrot16, climb/jump/sit/emote/run/revised combat by JaidynReiman","Matthew Krohn (makrohn),Johannes Sjölund (wulax),bluecarrot16,JaidynReiman","OGA-BY 3.0,CC-BY-SA 3.0,GPL 3.0","https://opengameart.org/content/lpc-medieval-fantasy-character-sprites,http://opengameart.org/content/lpc-clothing-updates"
shoulders/pauldrons/thin/hurt.png,"adapted to female base by makrohn, adapted to v3 bases by bluecarrot16, climb/jump/sit/emote/run/revised combat by JaidynReiman","Matthew Krohn (makrohn),Johannes Sjölund (wulax),bluecarrot16,JaidynReiman","OGA-BY 3.0,CC-BY-SA 3.0,GPL 3.0","https://opengameart.org/content/lpc-medieval-fantasy-character-sprites,http://opengameart.org/content/lpc-clothing-updates"
shoulders/pauldrons/thin/idle.png,"adapted to female base by makrohn, adapted to v3 bases by bluecarrot16, climb/jump/sit/emote/run/revised combat by JaidynReiman","Matthew Krohn (makrohn),Johannes Sjölund (wulax),bluecarrot16,JaidynReiman","OGA-BY 3.0,CC-BY-SA 3.0,GPL 3.0","https://opengameart.org/content/lpc-medieval-fantasy-character-sprites,http://opengameart.org/content/lpc-clothing-updates"
shoulders/pauldrons/thin/run.png,"adapted to female base by makrohn, adapted to v3 bases by bluecarrot16, climb/jump/sit/emote/run/revised combat by JaidynReiman","Matthew Krohn (makrohn),Johannes Sjölund (wulax),bluecarrot16,JaidynReiman","OGA-BY 3.0,CC-BY-SA 3.0,GPL 3.0","https://opengameart.org/content/lpc-medieval-fantasy-character-sprites,http://opengameart.org/content/lpc-clothing-updates"
shoulders/pauldrons/thin/sit.png,"adapted to female base by makrohn, adapted to v3 bases by bluecarrot16, climb/jump/sit/emote/run/revised combat by JaidynReiman","Matthew Krohn (makrohn),Johannes Sjölund (wulax),bluecarrot16,JaidynReiman","OGA-BY 3.0,CC-BY-SA 3.0,GPL 3.0","https://opengameart.org/content/lpc-medieval-fantasy-character-sprites,http://opengameart.org/content/lpc-clothing-updates"
shoulders/pauldrons/thin/spellcast.png,"adapted to female base by makrohn, adapted to v3 bases by bluecarrot16, climb/jump/sit/emote/run/revised combat by JaidynReiman","Matthew Krohn (makrohn),Johannes Sjölund (wulax),bluecarrot16,JaidynReiman","OGA-BY 3.0,CC-BY-SA 3.0,GPL 3.0","https://opengameart.org/content/lpc-medieval-fantasy-character-sprites,http://opengameart.org/content/lpc-clothing-updates"
shoulders/pauldrons/thin/thrust.png,"adapted to female base by makrohn, adapted to v3 bases by bluecarrot16, climb/jump/sit/emote/run/revised combat by JaidynReiman","Matthew Krohn (makrohn),Johannes Sjölund (wulax),bluecarrot16,JaidynReiman","OGA-BY 3.0,CC-BY-SA 3.0,GPL 3.0","https://opengameart.org/content/lpc-medieval-fantasy-character-sprites,http://opengameart.org/content/lpc-clothing-updates"
shoulders/pauldrons/thin/walk.png,"adapted to female base by makrohn, adapted to v3 bases by bluecarrot16, climb/jump/sit/emote/run/revised combat by JaidynReiman","Matthew Krohn (makrohn),Johannes Sjölund (wulax),bluecarrot16,JaidynReiman","OGA-BY 3.0,CC-BY-SA 3.0,GPL 3.0","https://opengameart.org/content/lpc-medieval-fantasy-character-sprites,http://opengameart.org/content/lpc-clothing-updates"
torso/aprons/suspenders/male/emote.png,original by ElizaWy; spellcast/thrust/shoot/hurt/combat adapted from original by JaidynReiman,"ElizaWy,JaidynReiman",OGA-BY 3.0,"https://github.com/ElizaWy/LPC/tree/main/Characters/Clothing,https://opengameart.org/content/lpc-expanded-sit-run-jump-more"
torso/aprons/suspenders/male/hurt.png,original by ElizaWy; spellcast/thrust/shoot/hurt/combat adapted from original by JaidynReiman,"ElizaWy,JaidynReiman",OGA-BY 3.0,"https://github.com/ElizaWy/LPC/tree/main/Characters/Clothing,https://opengameart.org/content/lpc-expanded-sit-run-jump-more"
torso/aprons/suspenders/male/idle.png,original by ElizaWy; spellcast/thrust/shoot/hurt/combat adapted from original by JaidynReiman,"ElizaWy,JaidynReiman",OGA-BY 3.0,"https://github.com/ElizaWy/LPC/tree/main/Characters/Clothing,https://opengameart.org/content/lpc-expanded-sit-run-jump-more"
torso/aprons/suspenders/male/run.png,original by ElizaWy; spellcast/thrust/shoot/hurt/combat adapted from original by JaidynReiman,"ElizaWy,JaidynReiman",OGA-BY 3.0,"https://github.com/ElizaWy/LPC/tree/main/Characters/Clothing,https://opengameart.org/content/lpc-expanded-sit-run-jump-more"
torso/aprons/suspenders/male/sit.png,original by ElizaWy; spellcast/thrust/shoot/hurt/combat adapted from original by JaidynReiman,"ElizaWy,JaidynReiman",OGA-BY 3.0,"https://github.com/ElizaWy/LPC/tree/main/Characters/Clothing,https://opengameart.org/content/lpc-expanded-sit-run-jump-more"
torso/aprons/suspenders/male/spellcast.png,original by ElizaWy; spellcast/thrust/shoot/hurt/combat adapted from original by JaidynReiman,"ElizaWy,JaidynReiman",OGA-BY 3.0,"https://github.com/ElizaWy/LPC/tree/main/Characters/Clothing,https://opengameart.org/content/lpc-expanded-sit-run-jump-more"
torso/aprons/suspenders/male/thrust.png,original by ElizaWy; spellcast/thrust/shoot/hurt/combat adapted from original by JaidynReiman,"ElizaWy,JaidynReiman",OGA-BY 3.0,"https://github.com/ElizaWy/LPC/tree/main/Characters/Clothing,https://opengameart.org/content/lpc-expanded-sit-run-jump-more"
torso/aprons/suspenders/male/walk.png,original by ElizaWy; spellcast/thrust/shoot/hurt/combat adapted from original by JaidynReiman,"ElizaWy,JaidynReiman",OGA-BY 3.0,"https://github.com/ElizaWy/LPC/tree/main/Characters/Clothing,https://opengameart.org/content/lpc-expanded-sit-run-jump-more"
torso/armour/leather/female/emote.png,"recolor of torso/armour/leather/female/brown.png, adapted to v3 bases by bluecarrot16, reduced colors and climb/emote/jump by JaidynReiman","Michael Whitlock (bigbeargames),Matthew Krohn (makrohn),Johannes Sjölund (wulax),bluecarrot16,JaidynReiman","OGA-BY 3.0,CC-BY-SA 3.0,GPL 3.0","https://opengameart.org/content/lpc-medieval-fantasy-character-sprites,https://opengameart.org/content/lpc-combat-armor-for-women,https://opengameart.org/content/lpc-clothing-updates,https://opengameart.org/content/lpc-expanded-armor"
torso/armour/leather/female/hurt.png,"recolor of torso/armour/leather/female/brown.png, adapted to v3 bases by bluecarrot16, reduced colors and climb/emote/jump by JaidynReiman","Michael Whitlock (bigbeargames),Matthew Krohn (makrohn),Johannes Sjölund (wulax),bluecarrot16,JaidynReiman","OGA-BY 3.0,CC-BY-SA 3.0,GPL 3.0","https://opengameart.org/content/lpc-medieval-fantasy-character-sprites,https://opengameart.org/content/lpc-combat-armor-for-women,https://opengameart.org/content/lpc-clothing-updates,https://opengameart.org/content/lpc-expanded-armor"
torso/armour/leather/female/idle.png,"recolor of torso/armour/leather/female/brown.png, adapted to v3 bases by bluecarrot16, reduced colors and climb/emote/jump by JaidynReiman","Michael Whitlock (bigbeargames),Matthew Krohn (makrohn),Johannes Sjölund (wulax),bluecarrot16,JaidynReiman","OGA-BY 3.0,CC-BY-SA 3.0,GPL 3.0","https://opengameart.org/content/lpc-medieval-fantasy-character-sprites,https://opengameart.org/content/lpc-combat-armor-for-women,https://opengameart.org/content/lpc-clothing-updates,https://opengameart.org/content/lpc-expanded-armor"
torso/armour/leather/female/run.png,"recolor of torso/armour/leather/female/brown.png, adapted to v3 bases by bluecarrot16, reduced colors and climb/emote/jump by JaidynReiman","Michael Whitlock (bigbeargames),Matthew Krohn (makrohn),Johannes Sjölund (wulax),bluecarrot16,JaidynReiman","OGA-BY 3.0,CC-BY-SA 3.0,GPL 3.0","https://opengameart.org/content/lpc-medieval-fantasy-character-sprites,https://opengameart.org/content/lpc-combat-armor-for-women,https://opengameart.org/content/lpc-clothing-updates,https://opengameart.org/content/lpc-expanded-armor"
torso/armour/leather/female/sit.png,"recolor of torso/armour/leather/female/brown.png, adapted to v3 bases by bluecarrot16, reduced colors and climb/emote/jump by JaidynReiman","Michael Whitlock (bigbeargames),Matthew Krohn (makrohn),Johannes Sjölund (wulax),bluecarrot16,JaidynReiman","OGA-BY 3.0,CC-BY-SA 3.0,GPL 3.0","https://opengameart.org/content/lpc-medieval-fantasy-character-sprites,https://opengameart.org/content/lpc-combat-armor-for-women,https://opengameart.org/content/lpc-clothing-updates,https://opengameart.org/content/lpc-expanded-armor"
torso/armour/leather/female/spellcast.png,"recolor of torso/armour/leather/female/brown.png, adapted to v3 bases by bluecarrot16, reduced colors and climb/emote/jump by JaidynReiman","Michael Whitlock (bigbeargames),Matthew Krohn (makrohn),Johannes Sjölund (wulax),bluecarrot16,JaidynReiman","OGA-BY 3.0,CC-BY-SA 3.0,GPL 3.0","https://opengameart.org/content/lpc-medieval-fantasy-character-sprites,https://opengameart.org/content/lpc-combat-armor-for-women,https://opengameart.org/content/lpc-clothing-updates,https://opengameart.org/content/lpc-expanded-armor"
torso/armour/leather/female/thrust.png,"recolor of torso/armour/leather/female/brown.png, adapted to v3 bases by bluecarrot16, reduced colors and climb/emote/jump by JaidynReiman","Michael Whitlock (bigbeargames),Matthew Krohn (makrohn),Johannes Sjölund (wulax),bluecarrot16,JaidynReiman","OGA-BY 3.0,CC-BY-SA 3.0,GPL 3.0","https://opengameart.org/content/lpc-medieval-fantasy-character-sprites,https://opengameart.org/content/lpc-combat-armor-for-women,https://opengameart.org/content/lpc-clothing-updates,https://opengameart.org/content/lpc-expanded-armor"
torso/armour/leather/female/walk.png,"recolor of torso/armour/leather/female/brown.png, adapted to v3 bases by bluecarrot16, reduced colors and climb/emote/jump by JaidynReiman","Michael Whitlock (bigbeargames),Matthew Krohn (makrohn),Johannes Sjölund (wulax),bluecarrot16,JaidynReiman","OGA-BY 3.0,CC-BY-SA 3.0,GPL 3.0","https://opengameart.org/content/lpc-medieval-fantasy-character-sprites,https://opengameart.org/content/lpc-combat-armor-for-women,https://opengameart.org/content/lpc-clothing-updates,https://opengameart.org/content/lpc-expanded-armor"
torso/armour/leather/male/emote.png,"adapted to v3 bases by bluecarrot16, reduced colors and climb/emote/jump by JaidynReiman","Johannes Sjölund (wulax),bluecarrot16,JaidynReiman","OGA-BY 3.0,CC-BY-SA 3.0,GPL 3.0","https://opengameart.org/content/lpc-medieval-fantasy-character-sprites,https://opengameart.org/content/lpc-clothing-updates,https://opengameart.org/content/lpc-expanded-armor"
torso/armour/leather/male/hurt.png,"adapted to v3 bases by bluecarrot16, reduced colors and climb/emote/jump by JaidynReiman","Johannes Sjölund (wulax),bluecarrot16,JaidynReiman","OGA-BY 3.0,CC-BY-SA 3.0,GPL 3.0","https://opengameart.org/content/lpc-medieval-fantasy-character-sprites,https://opengameart.org/content/lpc-clothing-updates,https://opengameart.org/content/lpc-expanded-armor"
torso/armour/leather/male/idle.png,"adapted to v3 bases by bluecarrot16, reduced colors and climb/emote/jump by JaidynReiman","Johannes Sjölund (wulax),bluecarrot16,JaidynReiman","OGA-BY 3.0,CC-BY-SA 3.0,GPL 3.0","https://opengameart.org/content/lpc-medieval-fantasy-character-sprites,https://opengameart.org/content/lpc-clothing-updates,https://opengameart.org/content/lpc-expanded-armor"
torso/armour/leather/male/run.png,"adapted to v3 bases by bluecarrot16, reduced colors and climb/emote/jump by JaidynReiman","Johannes Sjölund (wulax),bluecarrot16,JaidynReiman","OGA-BY 3.0,CC-BY-SA 3.0,GPL 3.0","https://opengameart.org/content/lpc-medieval-fantasy-character-sprites,https://opengameart.org/content/lpc-clothing-updates,https://opengameart.org/content/lpc-expanded-armor"
torso/armour/leather/male/sit.png,"adapted to v3 bases by bluecarrot16, reduced colors and climb/emote/jump by JaidynReiman","Johannes Sjölund (wulax),bluecarrot16,JaidynReiman","OGA-BY 3.0,CC-BY-SA 3.0,GPL 3.0","https://opengameart.org/content/lpc-medieval-fantasy-character-sprites,https://opengameart.org/content/lpc-clothing-updates,https://opengameart.org/content/lpc-expanded-armor"
torso/armour/leather/male/spellcast.png,"adapted to v3 bases by bluecarrot16, reduced colors and climb/emote/jump by JaidynReiman","Johannes Sjölund (wulax),bluecarrot16,JaidynReiman","OGA-BY 3.0,CC-BY-SA 3.0,GPL 3.0","https://opengameart.org/content/lpc-medieval-fantasy-character-sprites,https://opengameart.org/content/lpc-clothing-updates,https://opengameart.org/content/lpc-expanded-armor"
torso/armour/leather/male/thrust.png,"adapted to v3 bases by bluecarrot16, reduced colors and climb/emote/jump by JaidynReiman","Johannes Sjölund (wulax),bluecarrot16,JaidynReiman","OGA-BY 3.0,CC-BY-SA 3.0,GPL 3.0","https://opengameart.org/content/lpc-medieval-fantasy-character-sprites,https://opengameart.org/content/lpc-clothing-updates,https://opengameart.org/content/lpc-expanded-armor"
torso/armour/leather/male/walk.png,"adapted to v3 bases by bluecarrot16, reduced colors and climb/emote/jump by JaidynReiman","Johannes Sjölund (wulax),bluecarrot16,JaidynReiman","OGA-BY 3.0,CC-BY-SA 3.0,GPL 3.0","https://opengameart.org/content/lpc-medieval-fantasy-character-sprites,https://opengameart.org/content/lpc-clothing-updates,https://opengameart.org/content/lpc-expanded-armor"
torso/armour/plate/female/emote.png,"original by wulax, adapted to female base by makrohn, recolor by bigbeargames, color reduced to 7 colors and adapted to v3 bases by bluecarrot16, run/jump/sit/climb/revised combat by JaidynReiman, reduced colors to 6 (based on Napsio's Vitruvian)","JaidynReiman,bluecarrot16,Michael Whitlock (bigbeargames),Matthew Krohn (makrohn),Johannes Sjölund (wulax)","OGA-BY 3.0,CC-BY-SA 3.0,GPL 3.0","https://opengameart.org/content/lpc-medieval-fantasy-character-sprites,https://opengameart.org/content/lpc-combat-armor-for-women,http://opengameart.org/content/lpc-clothing-updates"
torso/armour/plate/female/hurt.png,"original by wulax, adapted to female base by makrohn, recolor by bigbeargames, color reduced to 7 colors and adapted to v3 bases by bluecarrot16, run/jump/sit/climb/revised combat by JaidynReiman, reduced colors to 6 (based on Napsio's Vitruvian)","JaidynReiman,bluecarrot16,Michael Whitlock (bigbeargames),Matthew Krohn (makrohn),Johannes Sjölund (wulax)","OGA-BY 3.0,CC-BY-SA 3.0,GPL 3.0","https://opengameart.org/content/lpc-medieval-fantasy-character-sprites,https://opengameart.org/content/lpc-combat-armor-for-women,http://opengameart.org/content/lpc-clothing-updates"
torso/armour/plate/female/idle.png,"original by wulax, adapted to female base by makrohn, recolor by bigbeargames, color reduced to 7 colors and adapted to v3 bases by bluecarrot16, run/jump/sit/climb/revised combat by JaidynReiman, reduced colors to 6 (based on Napsio's Vitruvian)","JaidynReiman,bluecarrot16,Michael Whitlock (bigbeargames),Matthew Krohn (makrohn),Johannes Sjölund (wulax)","OGA-BY 3.0,CC-BY-SA 3.0,GPL 3.0","https://opengameart.org/content/lpc-medieval-fantasy-character-sprites,https://opengameart.org/content/lpc-combat-armor-for-women,http://opengameart.org/content/lpc-clothing-updates"
torso/armour/plate/female/run.png,"original by wulax, adapted to female base by makrohn, recolor by bigbeargames, color reduced to 7 colors and adapted to v3 bases by bluecarrot16, run/jump/sit/climb/revised combat by JaidynReiman, reduced colors to 6 (based on Napsio's Vitruvian)","JaidynReiman,bluecarrot16,Michael Whitlock (bigbeargames),Matthew Krohn (makrohn),Johannes Sjölund (wulax)","OGA-BY 3.0,CC-BY-SA 3.0,GPL 3.0","https://opengameart.org/content/lpc-medieval-fantasy-character-sprites,https://opengameart.org/content/lpc-combat-armor-for-women,http://opengameart.org/content/lpc-clothing-updates"
torso/armour/plate/female/sit.png,"original by wulax, adapted to female base by makrohn, recolor by bigbeargames, color reduced to 7 colors and adapted to v3 bases by bluecarrot16, run/jump/sit/climb/revised combat by JaidynReiman, reduced colors to 6 (based on Napsio's Vitruvian)","JaidynReiman,bluecarrot16,Michael Whitlock (bigbeargames),Matthew Krohn (makrohn),Johannes Sjölund (wulax)","OGA-BY 3.0,CC-BY-SA 3.0,GPL 3.0","https://opengameart.org/content/lpc-medieval-fantasy-character-sprites,https://opengameart.org/content/lpc-combat-armor-for-women,http://opengameart.org/content/lpc-clothing-updates"
torso/armour/plate/female/spellcast.png,"original by wulax, adapted to female base by makrohn, recolor by bigbeargames, color reduced to 7 colors and adapted to v3 bases by bluecarrot16, run/jump/sit/climb/revised combat by JaidynReiman, reduced colors to 6 (based on Napsio's Vitruvian)","JaidynReiman,bluecarrot16,Michael Whitlock (bigbeargames),Matthew Krohn (makrohn),Johannes Sjölund (wulax)","OGA-BY 3.0,CC-BY-SA 3.0,GPL 3.0","https://opengameart.org/content/lpc-medieval-fantasy-character-sprites,https://opengameart.org/content/lpc-combat-armor-for-women,http://opengameart.org/content/lpc-clothing-updates"
torso/armour/plate/female/thrust.png,"original by wulax, adapted to female base by makrohn, recolor by bigbeargames, color reduced to 7 colors and adapted to v3 bases by bluecarrot16, run/jump/sit/climb/revised combat by JaidynReiman, reduced colors to 6 (based on Napsio's Vitruvian)","JaidynReiman,bluecarrot16,Michael Whitlock (bigbeargames),Matthew Krohn (makrohn),Johannes Sjölund (wulax)","OGA-BY 3.0,CC-BY-SA 3.0,GPL 3.0","https://opengameart.org/content/lpc-medieval-fantasy-character-sprites,https://opengameart.org/content/lpc-combat-armor-for-women,http://opengameart.org/content/lpc-clothing-updates"
torso/armour/plate/female/walk.png,"original by wulax, adapted to female base by makrohn, recolor by bigbeargames, color reduced to 7 colors and adapted to v3 bases by bluecarrot16, run/jump/sit/climb/revised combat by JaidynReiman, reduced colors to 6 (based on Napsio's Vitruvian)","JaidynReiman,bluecarrot16,Michael Whitlock (bigbeargames),Matthew Krohn (makrohn),Johannes Sjölund (wulax)","OGA-BY 3.0,CC-BY-SA 3.0,GPL 3.0","https://opengameart.org/content/lpc-medieval-fantasy-character-sprites,https://opengameart.org/content/lpc-combat-armor-for-women,http://opengameart.org/content/lpc-clothing-updates"
torso/armour/plate/male/emote.png,"original by wulax, recolor by bigbeargames, color reduced to 7 colors and adapted to v3 bases by bluecarrot16, run/jump/sit/climb/revised combat by JaidynReiman, reduced colors to 6 (based on Napsio's Vitruvian)","Napsio (Vitruvian Studio),JaidynReiman,bluecarrot16,Michael Whitlock (bigbeargames),Johannes Sjölund (wulax)","OGA-BY 3.0,CC-BY-SA 3.0,GPL 3.0","https://opengameart.org/content/lpc-medieval-fantasy-character-sprites,https://opengameart.org/content/lpc-combat-armor-for-women"
torso/armour/plate/male/hurt.png,"original by wulax, recolor by bigbeargames, color reduced to 7 colors and adapted to v3 bases by bluecarrot16, run/jump/sit/climb/revised combat by JaidynReiman, reduced colors to 6 (based on Napsio's Vitruvian)","Napsio (Vitruvian Studio),JaidynReiman,bluecarrot16,Michael Whitlock (bigbeargames),Johannes Sjölund (wulax)","OGA-BY 3.0,CC-BY-SA 3.0,GPL 3.0","https://opengameart.org/content/lpc-medieval-fantasy-character-sprites,https://opengameart.org/content/lpc-combat-armor-for-women"
torso/armour/plate/male/idle.png,"original by wulax, recolor by bigbeargames, color reduced to 7 colors and adapted to v3 bases by bluecarrot16, run/jump/sit/climb/revised combat by JaidynReiman, reduced colors to 6 (based on Napsio's Vitruvian)","Napsio (Vitruvian Studio),JaidynReiman,bluecarrot16,Michael Whitlock (bigbeargames),Johannes Sjölund (wulax)","OGA-BY 3.0,CC-BY-SA 3.0,GPL 3.0","https://opengameart.org/content/lpc-medieval-fantasy-character-sprites,https://opengameart.org/content/lpc-combat-armor-for-women"
torso/armour/plate/male/run.png,"original by wulax, recolor by bigbeargames, color reduced to 7 colors and adapted to v3 bases by bluecarrot16, run/jump/sit/climb/revised combat by JaidynReiman, reduced colors to 6 (based on Napsio's Vitruvian)","Napsio (Vitruvian Studio),JaidynReiman,bluecarrot16,Michael Whitlock (bigbeargames),Johannes Sjölund (wulax)","OGA-BY 3.0,CC-BY-SA 3.0,GPL 3.0","https://opengameart.org/content/lpc-medieval-fantasy-character-sprites,https://opengameart.org/content/lpc-combat-armor-for-women"
torso/armour/plate/male/sit.png,"original by wulax, recolor by bigbeargames, color reduced to 7 colors and adapted to v3 bases by bluecarrot16, run/jump/sit/climb/revised combat by JaidynReiman, reduced colors to 6 (based on Napsio's Vitruvian)","Napsio (Vitruvian Studio),JaidynReiman,bluecarrot16,Michael Whitlock (bigbeargames),Johannes Sjölund (wulax)","OGA-BY 3.0,CC-BY-SA 3.0,GPL 3.0","https://opengameart.org/content/lpc-medieval-fantasy-character-sprites,https://opengameart.org/content/lpc-combat-armor-for-women"
torso/armour/plate/male/spellcast.png,"original by wulax, recolor by bigbeargames, color reduced to 7 colors and adapted to v3 bases by bluecarrot16, run/jump/sit/climb/revised combat by JaidynReiman, reduced colors to 6 (based on Napsio's Vitruvian)","Napsio (Vitruvian Studio),JaidynReiman,bluecarrot16,Michael Whitlock (bigbeargames),Johannes Sjölund (wulax)","OGA-BY 3.0,CC-BY-SA 3.0,GPL 3.0","https://opengameart.org/content/lpc-medieval-fantasy-character-sprites,https://opengameart.org/content/lpc-combat-armor-for-women"
torso/armour/plate/male/thrust.png,"original by wulax, recolor by bigbeargames, color reduced to 7 colors and adapted to v3 bases by bluecarrot16, run/jump/sit/climb/revised combat by JaidynReiman, reduced colors to 6 (based on Napsio's Vitruvian)","Napsio (Vitruvian Studio),JaidynReiman,bluecarrot16,Michael Whitlock (bigbeargames),Johannes Sjölund (wulax)","OGA-BY 3.0,CC-BY-SA 3.0,GPL 3.0","https://opengameart.org/content/lpc-medieval-fantasy-character-sprites,https://opengameart.org/content/lpc-combat-armor-for-women"
torso/armour/plate/male/walk.png,"original by wulax, recolor by bigbeargames, color reduced to 7 colors and adapted to v3 bases by bluecarrot16, run/jump/sit/climb/revised combat by JaidynReiman, reduced colors to 6 (based on Napsio's Vitruvian)","Napsio (Vitruvian Studio),JaidynReiman,bluecarrot16,Michael Whitlock (bigbeargames),Johannes Sjölund (wulax)","OGA-BY 3.0,CC-BY-SA 3.0,GPL 3.0","https://opengameart.org/content/lpc-medieval-fantasy-character-sprites,https://opengameart.org/content/lpc-combat-armor-for-women"
torso/clothes/longsleeve/longsleeve/female/emote.png,"original by ElizaWy, edited to v3 bases by bluecarrot16; cleanup and climb/jump/run/sit/emote/revised combat adapted from LPC Revised by JaidynReiman","bluecarrot16,ElizaWy,JaidynReiman,Stephen Challener (Redshrike)","OGA-BY 3.0,CC-BY-SA 3.0,GPL 3.0","https://opengameart.org/content/liberated-pixel-cup-lpc-base-assets-sprites-map-tiles,https://opengameart.org/content/lpc-7-womens-shirts,http://opengameart.org/content/lpc-clothing-updates,https://opengameart.org/content/lpc-revised-character-basics,https://github.com/ElizaWy/LPC/tree/main/Characters/Clothing,https://opengameart.org/content/lpc-expanded-sit-run-jump-more,https://opengameart.org/content/lpc-expanded-simple-shirts"
torso/clothes/longsleeve/longsleeve/female/hurt.png,"original by ElizaWy, edited to v3 bases by bluecarrot16; cleanup and climb/jump/run/sit/emote/revised combat adapted from LPC Revised by JaidynReiman","bluecarrot16,ElizaWy,JaidynReiman,Stephen Challener (Redshrike)","OGA-BY 3.0,CC-BY-SA 3.0,GPL 3.0","https://opengameart.org/content/liberated-pixel-cup-lpc-base-assets-sprites-map-tiles,https://opengameart.org/content/lpc-7-womens-shirts,http://opengameart.org/content/lpc-clothing-updates,https://opengameart.org/content/lpc-revised-character-basics,https://github.com/ElizaWy/LPC/tree/main/Characters/Clothing,https://opengameart.org/content/lpc-expanded-sit-run-jump-more,https://opengameart.org/content/lpc-expanded-simple-shirts"
torso/clothes/longsleeve/longsleeve/female/idle.png,"original by ElizaWy, edited to v3 bases by bluecarrot16; cleanup and climb/jump/run/sit/emote/revised combat adapted from LPC Revised by JaidynReiman","bluecarrot16,ElizaWy,JaidynReiman,Stephen Challener (Redshrike)","OGA-BY 3.0,CC-BY-SA 3.0,GPL 3.0","https://opengameart.org/content/liberated-pixel-cup-lpc-base-assets-sprites-map-tiles,https://opengameart.org/content/lpc-7-womens-shirts,http://opengameart.org/content/lpc-clothing-updates,https://opengameart.org/content/lpc-revised-character-basics,https://github.com/ElizaWy/LPC/tree/main/Characters/Clothing,https://opengameart.org/content/lpc-expanded-sit-run-jump-more,https://opengameart.org/content/lpc-expanded-simple-shirts"
torso/clothes/longsleeve/longsleeve/female/run.png,"original by ElizaWy, edited to v3 bases by bluecarrot16; cleanup and climb/jump/run/sit/emote/revised combat adapted from LPC Revised by JaidynReiman","bluecarrot16,ElizaWy,JaidynReiman,Stephen Challener (Redshrike)","OGA-BY 3.0,CC-BY-SA 3.0,GPL 3.0","https://opengameart.org/content/liberated-pixel-cup-lpc-base-assets-sprites-map-tiles,https://opengameart.org/content/lpc-7-womens-shirts,http://opengameart.org/content/lpc-clothing-updates,https://opengameart.org/content/lpc-revised-character-basics,https://github.com/ElizaWy/LPC/tree/main/Characters/Clothing,https://opengameart.org/content/lpc-expanded-sit-run-jump-more,https://opengameart.org/content/lpc-expanded-simple-shirts"
torso/clothes/longsleeve/longsleeve/female/sit.png,"original by ElizaWy, edited to v3 bases by bluecarrot16; cleanup and climb/jump/run/sit/emote/revised combat adapted from LPC Revised by JaidynReiman","bluecarrot16,ElizaWy,JaidynReiman,Stephen Challener (Redshrike)","OGA-BY 3.0,CC-BY-SA 3.0,GPL 3.0","https://opengameart.org/content/liberated-pixel-cup-lpc-base-assets-sprites-map-tiles,https://opengameart.org/content/lpc-7-womens-shirts,http://opengameart.org/content/lpc-clothing-updates,https://opengameart.org/content/lpc-revised-character-basics,https://github.com/ElizaWy/LPC/tree/main/Characters/Clothing,https://opengameart.org/content/lpc-expanded-sit-run-jump-more,https://opengameart.org/content/lpc-expanded-simple-shirts"
torso/clothes/longsleeve/longsleeve/female/spellcast.png,"original by ElizaWy, edited to v3 bases by bluecarrot16; cleanup and climb/jump/run/sit/emote/revised combat adapted from LPC Revised by JaidynReiman","bluecarrot16,ElizaWy,JaidynReiman,Stephen Challener (Redshrike)","OGA-BY 3.0,CC-BY-SA 3.0,GPL 3.0","https://opengameart.org/content/liberated-pixel-cup-lpc-base-assets-sprites-map-tiles,https://opengameart.org/content/lpc-7-womens-shirts,http://opengameart.org/content/lpc-clothing-updates,https://opengameart.org/content/lpc-revised-character-basics,https://github.com/ElizaWy/LPC/tree/main/Characters/Clothing,https://opengameart.org/content/lpc-expanded-sit-run-jump-more,https://opengameart.org/content/lpc-expanded-simple-shirts"
torso/clothes/longsleeve/longsleeve/female/thrust.png,"original by ElizaWy, edited to v3 bases by bluecarrot16; cleanup and climb/jump/run/sit/emote/revised combat adapted from LPC Revised by JaidynReiman","bluecarrot16,ElizaWy,JaidynReiman,Stephen Challener (Redshrike)","OGA-BY 3.0,CC-BY-SA 3.0,GPL 3.0","https://opengameart.org/content/liberated-pixel-cup-lpc-base-assets-sprites-map-tiles,https://opengameart.org/content/lpc-7-womens-shirts,http://opengameart.org/content/lpc-clothing-updates,https://opengameart.org/content/lpc-revised-character-basics,https://github.com/ElizaWy/LPC/tree/main/Characters/Clothing,https://opengameart.org/content/lpc-expanded-sit-run-jump-more,https://opengameart.org/content/lpc-expanded-simple-shirts"
torso/clothes/longsleeve/longsleeve/female/walk.png,"original by ElizaWy, edited to v3 bases by bluecarrot16; cleanup and climb/jump/run/sit/emote/revised combat adapted from LPC Revised by JaidynReiman","bluecarrot16,ElizaWy,JaidynReiman,Stephen Challener (Redshrike)","OGA-BY 3.0,CC-BY-SA 3.0,GPL 3.0","https://opengameart.org/content/liberated-pixel-cup-lpc-base-assets-sprites-map-tiles,https://opengameart.org/content/lpc-7-womens-shirts,http://opengameart.org/content/lpc-clothing-updates,https://opengameart.org/content/lpc-revised-character-basics,https://github.com/ElizaWy/LPC/tree/main/Characters/Clothing,https://opengameart.org/content/lpc-expanded-sit-run-jump-more,https://opengameart.org/content/lpc-expanded-simple-shirts"
torso/clothes/longsleeve/longsleeve/male/emote.png,original by wulax; tweaks and further recolors by bluecarrot16; cleanup and climb/jump/run/sit/emote/revised combat adapted from LPC Revised by JaidynReiman,"JaidynReiman,Johannes Sjölund (wulax)","OGA-BY 3.0,CC-BY-SA 3.0,GPL 3.0","https://opengameart.org/content/lpc-medieval-fantasy-character-sprites,http://opengameart.org/content/lpc-clothing-updates,https://opengameart.org/content/lpc-revised-character-basics,https://github.com/ElizaWy/LPC/tree/main/Characters/Clothing,https://opengameart.org/content/lpc-expanded-sit-run-jump-more,https://opengameart.org/content/lpc-expanded-simple-shirts"
torso/clothes/longsleeve/longsleeve/male/hurt.png,original by wulax; tweaks and further recolors by bluecarrot16; cleanup and climb/jump/run/sit/emote/revised combat adapted from LPC Revised by JaidynReiman,"JaidynReiman,Johannes Sjölund (wulax)","OGA-BY 3.0,CC-BY-SA 3.0,GPL 3.0","https://opengameart.org/content/lpc-medieval-fantasy-character-sprites,http://opengameart.org/content/lpc-clothing-updates,https://opengameart.org/content/lpc-revised-character-basics,https://github.com/ElizaWy/LPC/tree/main/Characters/Clothing,https://opengameart.org/content/lpc-expanded-sit-run-jump-more,https://opengameart.org/content/lpc-expanded-simple-shirts"
torso/clothes/longsleeve/longsleeve/male/idle.png,original by wulax; tweaks and further recolors by bluecarrot16; cleanup and climb/jump/run/sit/emote/revised combat adapted from LPC Revised by JaidynReiman,"JaidynReiman,Johannes Sjölund (wulax)","OGA-BY 3.0,CC-BY-SA 3.0,GPL 3.0","https://opengameart.org/content/lpc-medieval-fantasy-character-sprites,http://opengameart.org/content/lpc-clothing-updates,https://opengameart.org/content/lpc-revised-character-basics,https://github.com/ElizaWy/LPC/tree/main/Characters/Clothing,https://opengameart.org/content/lpc-expanded-sit-run-jump-more,https://opengameart.org/content/lpc-expanded-simple-shirts"
torso/clothes/longsleeve/longsleeve/male/run.png,original by wulax; tweaks and further recolors by bluecarrot16; cleanup and climb/jump/run/sit/emote/revised combat adapted from LPC Revised by JaidynReiman,"JaidynReiman,Johannes Sjölund (wulax)","OGA-BY 3.0,CC-BY-SA 3.0,GPL 3.0","https://opengameart.org/content/lpc-medieval-fantasy-character-sprites,http://opengameart.org/content/lpc-clothing-updates,https://opengameart.org/content/lpc-revised-character-basics,https://github.com/ElizaWy/LPC/tree/main/Characters/Clothing,https://opengameart.org/content/lpc-expanded-sit-run-jump-more,https://opengameart.org/content/lpc-expanded-simple-shirts"
torso/clothes/longsleeve/longsleeve/male/sit.png,original by wulax; tweaks and further recolors by bluecarrot16; cleanup and climb/jump/run/sit/emote/revised combat adapted from LPC Revised by JaidynReiman,"JaidynReiman,Johannes Sjölund (wulax)","OGA-BY 3.0,CC-BY-SA 3.0,GPL 3.0","https://opengameart.org/content/lpc-medieval-fantasy-character-sprites,http://opengameart.org/content/lpc-clothing-updates,https://opengameart.org/content/lpc-revised-character-basics,https://github.com/ElizaWy/LPC/tree/main/Characters/Clothing,https://opengameart.org/content/lpc-expanded-sit-run-jump-more,https://opengameart.org/content/lpc-expanded-simple-shirts"
torso/clothes/longsleeve/longsleeve/male/spellcast.png,original by wulax; tweaks and further recolors by bluecarrot16; cleanup and climb/jump/run/sit/emote/revised combat adapted from LPC Revised by JaidynReiman,"JaidynReiman,Johannes Sjölund (wulax)","OGA-BY 3.0,CC-BY-SA 3.0,GPL 3.0","https://opengameart.org/content/lpc-medieval-fantasy-character-sprites,http://opengameart.org/content/lpc-clothing-updates,https://opengameart.org/content/lpc-revised-character-basics,https://github.com/ElizaWy/LPC/tree/main/Characters/Clothing,https://opengameart.org/content/lpc-expanded-sit-run-jump-more,https://opengameart.org/content/lpc-expanded-simple-shirts"
torso/clothes/longsleeve/longsleeve/male/thrust.png,original by wulax; tweaks and further recolors by bluecarrot16; cleanup and climb/jump/run/sit/emote/revised combat adapted from LPC Revised by JaidynReiman,"JaidynReiman,Johannes Sjölund (wulax)","OGA-BY 3.0,CC-BY-SA 3.0,GPL 3.0","https://opengameart.org/content/lpc-medieval-fantasy-character-sprites,http://opengameart.org/content/lpc-clothing-updates,https://opengameart.org/content/lpc-revised-character-basics,https://github.com/ElizaWy/LPC/tree/main/Characters/Clothing,https://opengameart.org/content/lpc-expanded-sit-run-jump-more,https://opengameart.org/content/lpc-expanded-simple-shirts"
torso/clothes/longsleeve/longsleeve/male/walk.png,original by wulax; tweaks and further recolors by bluecarrot16; cleanup and climb/jump/run/sit/emote/revised combat adapted from LPC Revised by JaidynReiman,"JaidynReiman,Johannes Sjölund (wulax)","OGA-BY 3.0,CC-BY-SA 3.0,GPL 3.0","https://opengameart.org/content/lpc-medieval-fantasy-character-sprites,http://opengameart.org/content/lpc-clothing-updates,https://opengameart.org/content/lpc-revised-character-basics,https://github.com/ElizaWy/LPC/tree/main/Characters/Clothing,https://opengameart.org/content/lpc-expanded-sit-run-jump-more,https://opengameart.org/content/lpc-expanded-simple-shirts"
torso/clothes/robe/female/hurt/white.png,,Luke Mehl,"CC-BY-SA 3.0,GPL 3.0",https://opengameart.org/content/female-mage-clothing-set
torso/clothes/robe/female/spellcast/white.png,,Luke Mehl,"CC-BY-SA 3.0,GPL 3.0",https://opengameart.org/content/female-mage-clothing-set
torso/clothes/robe/female/walk/white.png,,Luke Mehl,"CC-BY-SA 3.0,GPL 3.0",https://opengameart.org/content/female-mage-clothing-set
torso/clothes/vest/male/hurt/gray.png,,"bluecarrot16,Thane Brimhall (pennomi),laetissima,Stephen Challener (Redshrike),Johannes Sjölund (wulax)","CC-BY-SA 3.0,GPL 3.0","https://opengameart.org/content/lpc-2-characters,https://opengameart.org/content/lpc-gentleman,https://opengameart.org/content/lpc-pirates"
torso/clothes/vest/male/idle/gray.png,,"bluecarrot16,Thane Brimhall (pennomi),laetissima,Stephen Challener (Redshrike),Johannes Sjölund (wulax)","CC-BY-SA 3.0,GPL 3.0","https://opengameart.org/content/lpc-2-characters,https://opengameart.org/content/lpc-gentleman,https://opengameart.org/content/lpc-pirates"
torso/clothes/vest/male/spellcast/gray.png,,"bluecarrot16,Thane Brimhall (pennomi),laetissima,Stephen Challener (Redshrike),Johannes Sjölund (wulax)","CC-BY-SA 3.0,GPL 3.0","https://opengameart.org/content/lpc-2-characters,https://opengameart.org/content/lpc-gentleman,https://opengameart.org/content/lpc-pirates"
torso/clothes/vest/male/thrust/gray.png,,"bluecarrot16,Thane Brimhall (pennomi),laetissima,Stephen Challener (Redshrike),Johannes Sjölund (wulax)","CC-BY-SA 3.0,GPL 3.0","https://opengameart.org/content/lpc-2-characters,https://opengameart.org/content/lpc-gentleman,https://opengameart.org/content/lpc-pirates"
torso/clothes/vest/male/walk/gray.png,,"bluecarrot16,Thane Brimhall (pennomi),laetissima,Stephen Challener (Redshrike),Johannes Sjölund (wulax)","CC-BY-SA 3.0,GPL 3.0","https://opengameart.org/content/lpc-2-characters,https://opengameart.org/content/lpc-gentleman,https://opengameart.org/content/lpc-pirates"
torso/jacket/collared/male/hurt/gray.png,,bluecarrot16,"CC-BY-SA 3.0,GPL 3.0","https://opengameart.org/content/lpc-gentleman,https://opengameart.org/content/lpc-pirates"
torso/jacket/collared/male/spellcast/gray.png,,bluecarrot16,"CC-BY-SA 3.0,GPL 3.0","https://opengameart.org/content/lpc-gentleman,https://opengameart.org/content/lpc-pirates"
torso/jacket/collared/male/thrust/gray.png,,bluecarrot16,"CC-BY-SA 3.0,GPL 3.0","https://opengameart.org/content/lpc-gentleman,https://opengameart.org/content/lpc-pirates"
torso/jacket/collared/male/walk/gray.png,,bluecarrot16,"CC-BY-SA 3.0,GPL 3.0","https://opengameart.org/content/lpc-gentleman,https://opengameart.org/content/lpc-pirates"
torso/jacket/trench/male/hurt/gray.png,,bluecarrot16,"CC-BY-SA 3.0,GPL 3.0",https://opengameart.org/content/lpc-gentleman
torso/jacket/trench/male/spellcast/gray.png,,bluecarrot16,"CC-BY-SA 3.0,GPL 3.0",https://opengameart.org/content/lpc-gentleman
torso/jacket/trench/male/thrust/gray.png,,bluecarrot16,"CC-BY-SA 3.0,GPL 3.0",https://opengameart.org/content/lpc-gentleman
torso/jacket/trench/male/walk/gray.png,,bluecarrot16,"CC-BY-SA 3.0,GPL 3.0",https://opengameart.org/content/lpc-gentleman
torso/waist/belt_leather/female/hurt.png,,"bluecarrot16,Johannes Sjölund (wulax),Matthew Krohn (makrohn)","OGA-BY 3.0,CC-BY-SA 3.0,GPL 3.0","https://opengameart.org/content/lpc-combat-armor-for-women,https://opengameart.org/content/lpc-pirates"
torso/waist/belt_leather/female/spellcast.png,,"bluecarrot16,Johannes Sjölund (wulax),Matthew Krohn (makrohn)","OGA-BY 3.0,CC-BY-SA 3.0,GPL 3.0","https://opengameart.org/content/lpc-combat-armor-for-women,https://opengameart.org/content/lpc-pirates"
torso/waist/belt_leather/female/thrust.png,,"bluecarrot16,Johannes Sjölund (wulax),Matthew Krohn (makrohn)","OGA-BY 3.0,CC-BY-SA 3.0,GPL 3.0","https://opengameart.org/content/lpc-combat-armor-for-women,https://opengameart.org/content/lpc-pirates"
torso/waist/belt_leather/female/walk.png,,"bluecarrot16,Johannes Sjölund (wulax),Matthew Krohn (makrohn)","OGA-BY 3.0,CC-BY-SA 3.0,GPL 3.0","https://opengameart.org/content/lpc-combat-armor-for-women,https://opengameart.org/content/lpc-pirates"
torso/waist/belt_leather/male/hurt.png,,"bluecarrot16,Johannes Sjölund (wulax),Matthew Krohn (makrohn)","OGA-BY 3.0,CC-BY-SA 3.0,GPL 3.0","https://opengameart.org/content/lpc-combat-armor-for-women,https://opengameart.org/content/lpc-pirates"
torso/waist/belt_leather/male/spellcast.png,,"bluecarrot16,Johannes Sjölund (wulax),Matthew Krohn (makrohn)","OGA-BY 3.0,CC-BY-SA 3.0,GPL 3.0","https://opengameart.org/content/lpc-combat-armor-for-women,https://opengameart.org/content/lpc-pirates"
torso/waist/belt_leather/male/thrust.png,,"bluecarrot16,Johannes Sjölund (wulax),Matthew Krohn (makrohn)","OGA-BY 3.0,CC-BY-SA 3.0,GPL 3.0","https://opengameart.org/content/lpc-combat-armor-for-women,https://opengameart.org/content/lpc-pirates"
torso/waist/belt_leather/male/walk.png,,"bluecarrot16,Johannes Sjölund (wulax),Matthew Krohn (makrohn)","OGA-BY 3.0,CC-BY-SA 3.0,GPL 3.0","https://opengameart.org/content/lpc-combat-armor-for-women,https://opengameart.org/content/lpc-pirates"
